BRAND,NAME,CODE,              TYPE,AGE,,,,,,
DREAMLAND,CINDERELLA                             ,IPB1,FANCY STORY BOARD BOOK,3+,,,,,,
DREAMLAND,SNOW WHITE ,IPB2,FANCY STORY BOARD BOOK,3+,,,,,,
DREAMLAND,LITTLE MERMAID ,IPB3,FANCY STORY BOARD BOOK,3+,,,,,,
DREAMLAND,LITTLE RED RIDING HOOD,IPB4,FANCY STORY BOARD BOOK,3+,,,,, ,
DREAMLAND,UGLY DUCKLING ,IPB5,FANCY STORY BOARD BOOK,3+,,,,,,
DREAMLAND,SINBAD                                  ,IPB6,FANCY STORY BOARD BOOK,3+,,,,,,
DREAMLAND,ALADDIN                                  ,IPB7,FANCY STORY BOARD BOOK,3+,,,,,,
DREAMLAND,PINOCCHIO                                ,IPB8,FANCY STORY BOARD BOOK,3+,,,,,,
DREAMLAND,PUSS IN BOOTS ,IPB9,FANCY STORY BOARD BOOK,3+,,,,,,
DREAMLAND,PETER PAN ,IPB10,FANCY STORY BOARD BOOK,3+,,,,,,
DREAMLAND,A MONKEY AND A CROCODILE,IPB11,FAVOURITE MORAL STORIES,3+,,,,,,
DREAMLAND,THE HARE AND THE TORTOISE,IPB12,FAVOURITE MORAL STORIES,3+,,,,,,
DREAMLAND,THE FOX AND THE STORK,IPB13,FAVOURITE MORAL STORIES,3+,,,,,,
DREAMLAND,THE CROW AND THE PITCHER,IPB14,FAVOURITE MORAL STORIES,3+,,,,,,
DREAMLAND,THE DONKEY AND THE LOAD,IPB15,FAVOURITE MORAL STORIES,3+,,,,,,
DREAMLAND,JUMBO STORY BOOK OF AESOP’S FABLES,IPB16,JUMBO STORY BOOK,3+,,,,,,
DREAMLAND,JUMBO STORY BOOK OF FAIRY TALES,IPB17,JUMBO STORY BOOK,3+,,,,,,
DREAMLAND,THE FROG PRINCE,IPB18,PRE-SCHOOL SEE-AND-READ STORIES,3+,,,,,,
DREAMLAND,THE MAGIC HORSE,IPB19,PRE-SCHOOL SEE-AND-READ STORIES,3+,,,,,,
DREAMLAND,THE LITTLE LEAD SOLDIER,IPB20,PRETTY FAMOUS TALES ,3+,,,,,,
DREAMLAND,ALICE IN WONDERLAND,IPB21,PRETTY FAMOUS TALES ,3+,,,,,,
DREAMLAND,ALI BABA AND THE FORTY THIEVES,IPB22,PRETTY FAMOUS TALES ,3+,,,,,,
DREAMLAND,SINBAD THE SAILOR ,IPB23,PRETTY FAMOUS TALES ,3+,,,,,,
DREAMLAND,THE SLEEPING BEAUTY,IPB24,PRETTY FAMOUS TALES ,3+,,,,,,
DREAMLAND,GULLIVER IN LILLIPUT ,IPB25,PRETTY FAMOUS TALES ,3+,,,,,,
DREAMLAND,JACK AND THE BEANSTALK,IPB26,PRETTY FAMOUS TALES ,3+,,,,,,
DREAMLAND,THE UGLY DUCKLING ,IPB27,PRETTY FAMOUS TALES ,3+,,,,,,
DREAMLAND,THE HEN THAT LAID THE GOLDEN EGGS,IPB28,PRETTY FAMOUS TALES ,3+,,,,,,
DREAMLAND,ALADDIN AND HIS WONDERFUL LAMP,IPB29,PRETTY FAMOUS TALES ,3+,,,,,,
DREAMLAND,THE WONDERFUL WIZARD OF OZ ,IPB30,UNCLE MOON’S FAIRY TALES,3+,,,,,,
DREAMLAND,HANSEL AND GRETEL,IPB31,UNCLE MOON’S FAIRY TALES,3+,,,,,,
DREAMLAND,LITTLE RED RIDING HOOD,IPB32,UNCLE MOON’S FAIRY TALES,3+,,,,,,
DREAMLAND,THUMBELINA ,IPB33,UNCLE MOON’S FAIRY TALES,3+,,,,,,
DREAMLAND,PETER PAN,IPB34,UNCLE MOON’S FAIRY TALES,3+,,,,,,
DREAMLAND,THE EMPEROR’S NEW SUIT,IPB35,UNCLE MOON’S FAIRY TALES,3+,,,,,,
DREAMLAND,HEIDI,IPB36,UNCLE MOON’S FAIRY TALES,3+,,,,,,
DREAMLAND,THE PRINCESS AND THE FROG,IPB37,UNCLE MOON’S FAIRY TALES,3+,,,,,,
DREAMLAND,THE BIG PANCAKE,IPB38,UNCLE MOON’S FAIRY TALES,3+,,,,,,
DREAMLAND,RUMPELSTILTSKIN,IPB39,UNCLE MOON’S FAIRY TALES,3+,,,,,,
DREAMLAND,GOLDILOCKS AND THREE BEARS,IPB40,UNCLE MOON’S FAIRY TALES,3+,,,,,,
DREAMLAND,RAPUNZEL,IPB41,UNCLE MOON’S FAIRY TALES,3+,,,,,,
DREAMLAND,THE GINGERBREAD MAN,IPB42,UNCLE MOON’S FAIRY TALES,3+,,,,,,
DREAMLAND,THE SLY FOX AND THE LITTLE RED HEN,IPB43,UNCLE MOON’S FAIRY TALES,3+,,,,,,
DREAMLAND,THE ELVES AND THE SHOEMAKER,IPB44,UNCLE MOON’S FAIRY TALES,3+,,,,,,
DREAMLAND,BEAUTY AND THE BEAST,IPB45,UNCLE MOON’S FAIRY TALES,3+,,,,,,
DREAMLAND,THE BRAVE TIN SOLDIER,IPB46,UNCLE MOON’S FAIRY TALES,3+,,,,,,
DREAMLAND,THE PIED PIPER OF HAMELIN,IPB47,UNCLE MOON’S FAIRY TALES,3+,,,,,,
DREAMLAND,THE FOX AND THE GRAPES,IPB48,AESOP’S FABLES,3+,,,,,,
DREAMLAND,THE VAIN CROW,IPB49,AESOP’S FABLES,3+,,,,,,
DREAMLAND,THE WIND AND THE SUN,IPB50,AESOP’S FABLES,3+,,,,,,
DREAMLAND,THE FOX AND THE LION,IPB51,AESOP’S FABLES,3+,,,,,,
DREAMLAND,THE DONKEY AND HIS SHADOW,IPB52,AESOP’S FABLES,3+,,,,,,
DREAMLAND,THE MONKEY AND THE TWO CATS,IPB53,AESOP’S FABLES,3+,,,,,,
DREAMLAND,THE CROW AND THE FOX,IPB54,AESOP’S FABLES,3+,,,,,,
DREAMLAND,WHO WILL BELL THE CAT,IPB56,AESOP’S FABLES,3+,,,,,,
DREAMLAND,THE FOX AND THE COCK,IPB57,AESOP’S FABLES,3+,,,,,,
DREAMLAND,THE SHEPHERD WITH THE FLUTE,IPB58,AESOP’S FABLES,3+,,,,,,
DREAMLAND,THE KING BRUCE AND THE SPIDER,IPB59,AESOP’S FABLES,3+,,,,,,
DREAMLAND,THE CROW AND THE NIGHTINGALE,IPB60,AESOP’S FABLES,3+,,,,,,
DREAMLAND,THE HORSE AND THE DONKEY,IPB61,AESOP’S FABLES,3+,,,,,,
DREAMLAND,THE PEA BLOSSOM,IPB62,HANS ANDERSEN’S FAIRY TALES,3+,,,,,,
DREAMLAND,THE HAPPY FAMILY,IPB63,HANS ANDERSEN’S FAIRY TALES,3+,,,,,,
DREAMLAND,THE MONEY-BOX,IPB64,HANS ANDERSEN’S FAIRY TALES,3+,,,,,,
DREAMLAND,THE TOP AND THE BALL,IPB65,HANS ANDERSEN’S FAIRY TALES,3+,,,,,,
DREAMLAND,LITTLE IDA’S FLOWERS,IPB66,HANS ANDERSEN’S FAIRY TALES,3+,,,,,,
DREAMLAND,LITTLE TUK,IPB67,HANS ANDERSEN’S FAIRY TALES,3+,,,,,,
DREAMLAND,THE DARNING-NEEDLE,IPB68,HANS ANDERSEN’S FAIRY TALES,3+,,,,,,
DREAMLAND,THE SHIRT-COLLAR,IPB69,HANS ANDERSEN’S FAIRY TALES,3+,,,,,,
DREAMLAND,THE CONCEITED-APPLE BRANCH,IPB70,HANS ANDERSEN’S FAIRY TALES,3+,,,,,,
DREAMLAND,A ROSE FROM HOMER’S GRAVE,IPB71,HANS ANDERSEN’S FAIRY TALES,3+,,,,,,
DREAMLAND,"OLE-LUK-OIE, THE DREAM GOD",IPB72,HANS ANDERSEN’S FAIRY TALES,3+,,,,,,
DREAMLAND,HELLO!,IPB73,CHARACTER-BUILDING STORIES,3+,,,,,,
DREAMLAND,PLEASE!,IPB74,CHARACTER-BUILDING STORIES,3+,,,,,,
DREAMLAND,THANK YOU.,IPB75,CHARACTER-BUILDING STORIES,3+,,,,,,
DREAMLAND,"NO, THANKS.",IPB76,CHARACTER-BUILDING STORIES,3+,,,,,,
DREAMLAND,I AM SORRY,IPB77,CHARACTER-BUILDING STORIES,3+,,,,,,
DREAMLAND,AFTER YOU,IPB78,CHARACTER-BUILDING STORIES,3+,,,,,,
DREAMLAND,IT IS MINE,IPB79,CHARACTER-BUILDING STORIES,3+,,,,,,
DREAMLAND,DON’T SAY THAT.,IPB80,CHARACTER-BUILDING STORIES,3+,,,,,,
DREAMLAND,DON’T DO THAT.,IPB81,CHARACTER-BUILDING STORIES,3+,,,,,,
DREAMLAND,GO AWAY,IPB82,CHARACTER-BUILDING STORIES,3+,,,,,,
DREAMLAND,IT WON’T WORK,IPB83,CHARACTER-BUILDING STORIES,3+,,,,,,
DREAMLAND,MOVE OVER.,IPB84,CHARACTER-BUILDING STORIES,3+,,,,,,
DREAMLAND,WHY BE BOSSY?,IPB85,CHARACTER-BUILDING STORIES,3+,,,,,,
DREAMLAND,MAKING FRIENDS,IPB86,CHARACTER-BUILDING STORIES,3+,,,,,,
DREAMLAND,WHY BE UNFRIENDLY?,IPB87,CHARACTER-BUILDING STORIES,3+,,,,,,
DREAMLAND,FRIENDLY,IPB88,CHARACTER-BUILDING STORIES,3+,,,,,,
DREAMLAND,WHY FIGHT?,IPB89,CHARACTER-BUILDING STORIES,3+,,,,,,
DREAMLAND,WHY LOSE YOUR TEMPER?,IPB90,CHARACTER-BUILDING STORIES,3+,,,,,,
DREAMLAND,WHY NOT SHARE?,IPB91,CHARACTER-BUILDING STORIES,3+,,,,,,
DREAMLAND,WHY TEASE?,IPB92,CHARACTER-BUILDING STORIES,3+,,,,,,
DREAMLAND,BULLY,IPB93,CHARACTER-BUILDING STORIES,3+,,,,,,
DREAMLAND,CHEAT,IPB94,CHARACTER-BUILDING STORIES,3+,,,,,,
DREAMLAND,MOODY,IPB95,CHARACTER-BUILDING STORIES,3+,,,,,,
DREAMLAND,SELFISH,IPB96,CHARACTER-BUILDING STORIES,3+,,,,,,
DREAMLAND,THIEF,IPB97,CHARACTER-BUILDING STORIES,3+,,,,,,
DREAMLAND,HURT,IPB98,CHARACTER-BUILDING STORIES,3+,,,,,,
DREAMLAND,JEALOUS,IPB99,CHARACTER-BUILDING STORIES,3+,,,,,,
DREAMLAND,SAD,IPB100,CHARACTER-BUILDING STORIES,3+,,,,,,
DREAMLAND,LONELY,IPB101,CHARACTER-BUILDING STORIES,3+,,,,,,
DREAMLAND,BRAVE,IPB102,CHARACTER-BUILDING STORIES,3+,,,,,,
DREAMLAND,CONFIDENT,IPB103,CHARACTER-BUILDING STORIES,3+,,,,,,
DREAMLAND,AFRAID,IPB104,CHARACTER-BUILDING STORIES,3+,,,,,,
DREAMLAND,THE FOOLISH CROCODILE,IPB105,STORIES FROM PANCHATANTRA,3+,,,,,,
DREAMLAND,THE CLEVER HARE,IPB106,STORIES FROM PANCHATANTRA,3+,,,,,,
DREAMLAND,UNION IS STRENGTH,IPB107,STORIES FROM PANCHATANTRA,3+,,,,,,
DREAMLAND,THE DECEITFUL CRANE,IPB108,STORIES FROM PANCHATANTRA,3+,,,,,,
DREAMLAND,THE DYED JACKAL,IPB109,STORIES FROM PANCHATANTRA,3+,,,,,,
DREAMLAND,THE HYPOCRITE CAT,IPB110,STORIES FROM PANCHATANTRA,3+,,,,,,
VICTORIA,MY FAVOURITE FAIRY TALES,IPB193,FAIRY TALES,3+,,,,,,
PARRAGON,THE LION KING,IPB199,DISNEY,3+,,,,,,
PARRAGON,BAMBI,IPB200,DISNEY,3+,,,,,,
PARRAGON,TOY STORY ,IPB201,DISNEY PIXAR,3+,,,,,,
PARRAGON,PLANES,IPB202,DISNEY,3+,,,,,,
WORDSMITH,EASY TO READ FAIRY TALES,IPB283,FAIRY TALES,3+,,,,,,
PARRAGON,101 DALMATIANS,IPB370,DISNEY,3+,,,,,,
HARPER TROPHY,THE RUNAWAY BUNNY,IPB376,MORAL,3+,,,,,,
,,,,,3+,,,,,
,,,,,3+,,,,,
,,,,,3+,,,,,
,,,,,3+,,,,,
,,,,,3+,,,,,
,,,,,3+,,,,,
,,,,,3+,,,,,
HOUGHTON,CURIOUS GEORGE VISITS THE LIBRARY,IPB480,CURIOUS GEORGE,3+,,,,,,
HOUGHTON,CURIOUS GEORGE GOES TO A CHOCOLATE FACTORY,IPB481,CURIOUS GEORGE,3+,,,,,,
HOUGHTON,THE DOG SHOW,IPB482,CURIOUS GEORGE,3+,,,,,,
HOUGHTON,CURIOUS GEORGE AND THE PIZZA PARTY,IPB483,CURIOUS GEORGE,3+,,,,,,
YOYO BOOKS,NUMBERS,IPB484,EDUTAINMENT,3+,,,,,,
PRIDDY BOOKS,SLEEP,IPB485,EDUTAINMENT,3+,,,,,,
PRIDDY BOOKS,COLOURS,IPB486,EDUTAINMENT,3+,,,,,,
PRIDDY BOOKS,B IS FOR BEAR,IPB487,EDUTAINMENT,3+,,,,,,
BAREFOOT BOOKS,"UP, UP, UP",IPB488,EDUTAINMENT,3+,,,,,,
,,,,,3+,,,,,
,,,,,3+,,,,,
,,,,,3+,,,,,
,,,,,3+,,,,,
,,,,,3+,,,,,
,,,,,3+,,,,,
YOYO BOOKS,FOOD,IPB495,EDUTAINMENT,3+,,,,,,
PRIDDY BOOKS,THINGS THAT GO,IPB496,EDUTAINMENT,3+,,,,,,
PRIDDY BOOKS,FIRST WORDS,IPB497,EDUTAINMENT,3+,,,,,,
AUTUMN PUBLISHING,FLIP FLASH FIRST WORDS,IPB498,EDUTAINMENT,3+,,,,,,
PARRAGON,LIFT THE FLAP ABC ,IPB499,EDUTAINMENT,3+,,,,,,
PRIDDY BOOKS,PLAYTIME,IPB500,EDUTAINMENT,3+,,,,,,
,,,,,3+,,,,,
,,,,,3+,,,,,
,,,,,3+,,,,,
,,,,,3+,,,,,
,,,,,3+,,,,,
,,,,,3+,,,,,
,,,,,3+,,,,,
,,,,,3+,,,,,
BRIMAX,ABC,IPB509,EDUTAINMENT,3+,,,,,,
GLENN JOHNSTONE,COUNTING,IPB510,EDUTAINMENT,3+,,,,,,
BRIMAX,ON THE FARM,IPB511,EDUTAINMENT,3+,,,,,,
AUTUMN PUBLISHING,DRESSING UP,IPB512,EDUTAINMENT,3+,,,,,,
PARRAGON,BUSY FARM,IPB513,EDUTAINMENT,3+,,,,,,
PARRAGON,BUSY FIREHOUSE,IPB514,EDUTAINMENT,3+,,,,,,
PARRAGON,BUSY CONSTRUCTION SITE,IPB515,EDUTAINMENT,3+,,,,,,
DREAMLAND,JUNIOR PICTURE WORD BOOK,IPB516,EDUTAINMENT,3+,,,,,,
SHREE BOOK CENTRE,THE ALPHABET AND NUMBERS,IPB517,EDUTAINMENT,3+,,,,,,
DREAMLAND,PICTURE WORD BOOK 5,IPB518,EDUTAINMENT,3+,,,,,,
SHREE BOOK CENTRE,"SHAPES, COLOURS AND OPPOSITES",IPB519,EDUTAINMENT,3+,,,,,,
SHREE BOOK CENTRE,FRUITS AND VEGETABLES,IPB520,EDUTAINMENT,3+,,,,,,
SHREE BOOK CENTRE,THE ANIMAL WORLD,IPB521,EDUTAINMENT,3+,,,,,,
DREAMLAND,PICTURE WORD BOOK 6,IPB522,EDUTAINMENT,3+,,,,,,
DREAMLAND,PICTURE WORD BOOK 3,IPB523,EDUTAINMENT,3+,,,,,,
DREAMLAND,PICTURE WORD BOOK 1,IPB524,EDUTAINMENT,3+,,,,,,
DREAMLAND,ABC,IPB525,EDUTAINMENT,3+,,,,,,
DREAMLAND,NUMBERS,IPB526,EDUTAINMENT,3+,,,,,,
AUTUMN PUBLISHING,ANIMALS,IPB527,EDUTAINMENT,3+,,,,,,
READER'S DIGEST,COLOURS AND SHAPES,IPB528,EDUTAINMENT,3+,,,,,,
,,,,,3+,,,,,
Random House,We Like Kites,IPB600,The Berenstain Bears,3+,,,,,,
Random House,Too Much TV,IPB601,The Berenstain Bears,3+,,,,,,
Harper Trophy,The Berenstain Bears Clean House,IPB602,The Berenstain Bears,3+,,,,,,
Harper Collins,All Aboard,IPB603,The Berenstain Bears,3+,,,,,,
Harper Collins,We Love Trucks,IPB604,The Berenstain Bears,3+,,,,,,
Sterling Publishers,Pepper and Mama's New Job,IPB616,Pepper,3+,,,,,,
Shree Book Centre,Pepper and the New Baby,IPB617,Pepper,3+,,,,,,
Sterling Publishers,Pepper Eats Too Much Cake,IPB618,Pepper,3+,,,,,,
Sterling Publishers,Pepper Throws a Tantrum,IPB619,Pepper,3+,,,,,,
Sterling Publishers,Pepper wants Too Many Toys,IPB620,Pepper,3+,,,,,,
,,,,,3+,,,,,
,,,,,3+,,,,,
Joi 2 Learn,The Lion and the Mouse,IPB623,Moral Tales,3+,,,,,,
Joi 2 Learn,The Cap Seller and the Monkeys,IPB624,Moral Tales,3+,,,,,,
,,,,,3+,,,,,
,,,,,3+,,,,,
,,,,,3+,,,,,
,,,,,3+,,,,,
,,,,,3+,,,,,
,,,,,3+,,,,,
,,,,,3+,,,,,
,,,,,3+,,,,,
,,,,,3+,,,,,
,,,,,3+,,,,,
,,,,,3+,,,,,
,,,,,3+,,,,,
,,,,,3+,,,,,
,,,,,3+,,,,,
,,,,,3+,,,,,
Parragon,My First 100 Things to Count,IPB640,Edutainment,3+,,,,,,
Parragon,My First 100ABC Words,IPB641,Edutainment,3+,,,,,,
Parragon,My First 100 Shapes and Colours,IPB642,Edutainment,3+,,,,,,
Parragon,Colours,IPB648,Edutainment,3+,,,,,,
Parragon,ABC,IPB649,Edutainment,3+,,,,,,
Parragon,Shapes,IPB650,Edutainment,3+,,,,,,
Parragon,123,IPB651,Edutainment,3+,,,,,,
ACK,Mus Saves her Tail,IPB697,Moral,3+,,,,,,
ACK,The Proud Mountain,IPB698,Moral,3+,,,,,,
ACK,The Mouse Maiden,IPB699,Moral,3+,,,,,,
ACK,Chinni and the Three Cheats,IPB700,Moral,3+,,,,,,
ACK,Rama and the Squirrel,IPB701,Moral,3+,,,,,,
ACK,Krishna and the Yamalaarjuna Trees,IPB702,Moral,3+,,,,,,
ACK,The Magic Pakodas,IPB703,Moral,3+,,,,,,
ACK,Tumku Is Clever,IPB704,Moral,3+,,,,,,
ACK,Tumku goes Zip Zap Zoom,IPB705,Moral,3+,,,,,,
ACK,Tumku has a Talent,IPB706,Moral,3+,,,,,,
ACK,Tumku Meets Bristly,IPB707,Moral,3+,,,,,,
ACK,Tumku Helps Out,IPB708,Moral,3+,,,,,,
ACK,Tumku is Scared,IPB709,Moral,3+,,,,,,
ACK,The Alphabet Learning  Book,IPB710,Edutainment,3+,,,,,,
Tinkle,Numbers Learning Book,IPB711,Edutainment,3+,,,,,,
Tinkle,Shapes and Colours Learning Book,IPB712,Edutainment,3+,,,,,,
Tinkle,Triple Fun Pack,IPB713,Edutainment,3+,,,,,,
Tinkle,Triple Fun Pack,IPB744,Edutainment,3+,,,,,,
,,,,,3+,,,,,
,,,,,3+,,,,,
,,,,,3+,,,,,
,,,,,3+,,,,,
,,,,,3+,,,,,
,,,,,3+,,,,,
,,,,,3+,,,,,
,,,,,3+,,,,,
,,,,,3+,,,,,
,,,,,3+,,,,,
,,,,,3+,,,,,
,,,,,3+,,,,,
,,,,,3+,,,,,
,,,,,3+,,,,,
,,,,,3+,,,,,
,,,,,3+,,,,,
,,,,,3+,,,,,
,,,,,3+,,,,,
,,,,,3+,,,,,
,,,,,3+,,,,,
,,,,,3+,,,,,
,,,,,3+,,,,,
,,,,,3+,,,,,
,,,,,3+,,,,,
,,,,,3+,,,,,
,,,,,3+,,,,,
,,,,,3+,,,,,
,,,,,3+,,,,,
,,,,,3+,,,,,
,,,,,3+,,,,,
Creatives,My Alphabet Flipbook,IPB750,Edutainment,3+,,,,,,
,,,,,3+,,,,,
,,,,,3+,,,,,
,,,,,3+,,,,,
,,,,,3+,,,,,
,,,,,3+,,,,,
Dreamland,Pretty Famous Tales,IPB787,The Wolf And The Seven Little Kids,3+,,,,,,
,,,,,3+,,,,,
,,,,,3+,,,,,
,,,,,3+,,,,,
,,,,,3+,,,,,
,,,,,3+,,,,,
,,,,,3+,,,,,
,,,,,3+,,,,,
,,,,,3+,,,,,
,,,,,3+,,,,,
,,,,,3+,,,,,
,,,,,3+,,,,,
,,,,,3+,,,,,
,,,,,3+,,,,,
,,,,,3+,,,,,
,,,,,3+,,,,,
,,,,,3+,,,,,
,,,,,3+,,,,,
,,,,,3+,,,,,
,,,,,3+,,,,,
,,,,,3+,,,,,
,,,,,3+,,,,,
,,,,,3+,,,,,
,,,,,3+,,,,,
,,,,,3+,,,,,
,,,,,3+,,,,,
,,,,,3+,,,,,
,,,,,3+,,,,,
,,,,,3+,,,,,
,,,,,3+,,,,,
,,,,,3+,,,,,
,,,,,3+,,,,,
,,,,,3+,,,,,
,,,,,3+,,,,,
,,,,,3+,,,,,
,,,,,3+,,,,,
,,,,,3+,,,,,
Dreamland,The Town Mouse & The Country Mouse,IPB788,Uncle Moons Fairy Tales,3+,,,,,,
Dreamland,The Princess & The Pea,IPB789,Uncle Moons Fairy Tales,3+,,,,,,
Dreamland,Treasure Island,IPB790,Uncle Moons Fairy Tales,3+,,,,,,
Dreamland,Martine At The Zoo,IPB791,Martine,3+,,,,,,
Dreamland,Martine Goes Horse Riding,IPB792,Martine,3+,,,,,,
Dreamland,Martine At The Park,IPB793,Martine,3+,,,,,,
Dreamland,Martine Mum for The Day,IPB794,Martine,3+,,,,,,
Dreamland,Martine Birthday Party,IPB795,Martine,3+,,,,,,
Dreamland,Martine Beautiful Garden,IPB796,Martine,3+,,,,,,
Dreamland,Martine Rides A Bike,IPB797,Martine,3+,,,,,,
Dreamland,Martine At Ballet School,IPB798,Martine,3+,,,,,,
Dreamland,Martine And the Flower Festival,IPB799,Martine,3+,,,,,,
Dreamland,Martine Learns To Cook,IPB800,Martine,3+,,,,,,
Dreamland,Martine  Learns To Swim,IPB801,Martine,3+,,,,,,
Dreamland,Martine Gets Sick,IPB802,Martine,3+,,,,,,
Dreamland,Martine Visits Aunt Lucy,IPB803,Martine,3+,,,,,,
Dreamland,Martine Takes The Train,IPB804,Martine,3+,,,,,,
Dreamland,Martine Goes Sailing,IPB805,Martine,3+,,,,,,
Dreamland,Martine And The Little Sparrow,IPB806,Martine,3+,,,,,,
Dreamland,Martine And Wilbur The Donkey,IPB807,Martine,3+,,,,,,
Dreamland,Martine Celebrates Mother's Day,IPB808,Martine,3+,,,,,,
Dreamland,Martine And The Hot Air Balloon,IPB809,Martine,3+,,,,,,
Dreamland,Martine At School,IPB810,Martine,3+,,,,,,
Dreamland,Liar,IPB811,Character-Building Stories For Children,3+,,,,,,
Dreamland,Happy,IPB812,Character-Building Stories For Children,3+,,,,,,
Dreamland,Angry,IPB813,Character-Building Stories For Children,3+,,,,,,
Sterling,Learn Something New with Pepper,IPB869,Moral,3+,,,,,,
,,,,,3+,,,,,
,,,,, 3+,,,,,
,,,,,3+,,,,,
,,,,,3+,,,,,
,,,,,3+,,,,,
,,,,,3+,,,,,
,,,,,3+,,,,,
,,,,,3+,,,,,
,,,,,3+,,,,,
,,,,,3+,,,,,
,,,,,3+,,,,,
,,,,,3+,,,,,
,,,,,3+,,,,,
,,,,,3+,,,,,
,,,,,3+,,,,,
,,,,,3+,,,,,
Sterling,Pepper Numbers,IPB870,Edutainment,3+,,,,,,
,,,,,3+,,,,,
,,,,,3+,,,,,
,,,,,3+,,,,,
,,,,,3+,,,,,
,,,,,3+,,,,,
,,,,,3+,,,,,
,,,,,3+,,,,,
,,,,,3+,,,,,
,,,,,3+,,,,,
,,,,,3+,,,,,
,,,,,3+,,,,,
,,,,,3+,,,,,
,,,,,3+,,,,,
,,,,,3+,,,,,
,,,,,3+,,,,,
,,,,,3+,,,,,
,,,,,3+,,,,,
,,,,,3+,,,,,
,,,,,3+,,,,,
,,,,,3+,,,,,
,,,,,3+,,,,,
,,,,,3+,,,,,
,,,,,3+,,,,,
,,,,,3+,,,,,
,,,,,3+,,,,,
STERLING,PEPPER GETS A NEW PET,IPB872,PEPPER,3+,,,,,,
Sterling,Pepper learns to take the blame,IPB877,Pepper,3+,,,,,,
,,,,,3+,,,,,
,,,,,3+,,,,,
,,,,,3+,,,,,
,,,,,3+,,,,,
,,,,,3+,,,,,
Sterling,Pepper learns to take turns,IPB878,Pepper,3+,,,,,,
Sterling,Pepper learns to keep a promise,IPB879,Pepper,3+,,,,,,
Sterling,Pepper Goes To School,IPB880,Pepper,3+,,,,,,
Sterling,Pepper learns Good Habits,IPB881,Pepper,3+,,,,,,
Sterling,Pepper gets Stage Fright,IPB882,Pepper,3+,,,,,,
Sterling,Pepper learns good manners,IPB883,Pepper,3+,,,,,,
Sterling,pepper colours,IPB889,Edutainment,3+,,,,,,
,,,,,3+,,,,,
,,,,,3+,,,,,
,,,,,3+,,,,,
,,,,,3+,,,,,
,,,,,3+,,,,,
,,,,,3+,,,,,
,,,,,3+,,,,,
,,,,,3+,,,,,
,,,,,3+,,,,,
,,,,,3+,,,,,
,,,,,3+,,,,,
,,,,,3+,,,,,
,,,,,3+,,,,,
,,,,,3+,,,,,
,,,,,3+,,,,,
,,,,,3+,,,,,
Sterling ,Pepper Crosses The Road,IPB901,Pepper,3+,,,,,,
Sterling ,Pepper Learns About Recycling,IPB902,Pepper ,3+,,,,,,
Sterling,Pepper Learns A Helping Hand,IPB903,Pepper,3+,,,,,,
Manoj Publications,Pepper Undergoes A Change,IPB905,Pepper Level 3,3+,,,,,,
,,,,,3+,,,,,
,,,,,3+,,,,,
,,,,,3+,,,,,
,,,,,3+,,,,,
Tinkle,Holiday Special VI,IPB910,Comic,,3+,,,,,
,,,,,3+,,,,,
,,,,,3+,,,,,
,,,,,3+,,,,,
,,,,,3+,,,,,
,,,,,3+,,,,,
,,,,,3+,,,,,
,,,,,3+,,,,,
,,,,,3+,,,,,
,,,,,3+,,,,,
,,,,,3+,,,,,
,,,,,3+,,,,,
,,,,,3+,,,,,
,,,,,3+,,,,,
,,,,,3+,,,,,
,,,,,3+,,,,,
,,,,,3+,,,,,
,,,,,3+,,,,,
,,,,,3+,,,,,
,,,,,3+,,,,,
,,,,,3+,,,,,
,,,,,3+,,,,,
,,,,,3+,,,,,
,,,,,3+,,,,,
,,,,,3+,,,,,
,,,,,3+,,,,,
,,,,,3+,,,,,
,,,,,3+,,,,,
,,,,,3+,,,,,
,,,,,3+,,,,,
,,,,,3+,,,,,
,,,,,3+,,,,,
,,,,,3+,,,,,
,,,,,3+,,,,,
,,,,,3+,,,,,
,,,,,3+,,,,,
,,,,,3+,,,,,
,,,,,3+,,,,,
,,,,,3+,,,,,
,,,,,3+,,,,,
,,,,,3+,,,,,
,,,,,3+,,,,,
Harper Trophy,Family Reunion,IPB952,The Berenstain Bears,3+,,,,,,
Random House,Don't Pollute Anymore,IPB953,The Berenstain Bears,3+,,,,,,
Random House,Go To Camp,IPB954,The Berenstain Bears,3+,,,,,,
Random House,Go To School,IPB955,The Berenstain Bears,3+,,,,,,
Random House,Think Of Those In Need,IPB956,The Berenstain Bears,3+,,,,,,
Random House,Double Dare,IPB957,The Berenstain Bears,3+,,,,,,
Random House,Ghost Of The Forest,IPB958,The Berenstain Bears ,3+,,,,,,
Random House,Trick Or  Treat,IPB959,The Berenstain Bears,3+,,,,,,
,,,,,3+,,,,,
,,,,,3+,,,,,
,,,,,3+,,,,,
,,,,,3+,,,,,
,,,,,3+,,,,,
,,,,,3+,,,,,
,,,,,3+,,,,,
,,,,,3+,,,,,
,,,,,3+,,,,,
,,,,,3+,,,,,
,,,,,3+,,,,,
,,,,,3+,,,,,
,,,,,3+,,,,,
,,,,,3+,,,,,
,,,,,3+,,,,,
,,,,,3+,,,,,
,,,,,3+,,,,,
,,,,,3+,,,,,
,,,,,3+,,,,,
,,,,,3+,,,,,
,,,,,3+,,,,,
,,,,,3+,,,,,
Random House,Big Question,IPB982,The Berenstain Bears,3+,,,,,,
,,,,,3+,,,,,
,,,,,3+,,,,,
Grosset and Dunlap,Ferdinand,IPB985,Humourous,3+,,,,,,
,,,,,3+,,,,,
,,,,,3+,,,,,
,,,,,3+,,,,,
Houghton,Curious George Build a Home,IPB990,Curious George,3+,,,,,,
Houghton,Plumber's Helper,IPB991,Curious George,3+,,,,,,
Houghton,Lost and Found,IPB992,Curious George,3+,,,,,,
Houghton,Librarian for a Day,IPB993,Curious George,3+,,,,,,
Houghton,The Perfect Carrot,IPB994,Curious George,3+,,,,,,
Harper Trophy,Class Trip,IPB995,The Berenstain Bears,3+,,,,,,
,,,,,3+,,,,,
,,,,,3+,,,,,
,,,,,3+,,,,,
,,,,,3+,,,,,
,,,,,3+,,,,,
Barney,The Farm,IPB1001,Edutainment,3+,,,,,,
,,,,,3+,,,,,
,,,,,3+,,,,,
Alka Publication,Know Your Birds,IPB1004,Edutainment,3+,,,,,,
,,,,,3+,,,,,
,,,,,3+,,,,,
,,,,,3+,,,,,
,,,,,3+,,,,,
G P PUTNAMS ,GOOD NIGHT GORILLA,IPB1044,HUMOUR,3+,,,,,,
HOUGHTON ,THE GIANT JAM SANDWICH,IPB1045,HUMOUR,3+,,,,,,
TUFF BOOK,RAINBOW FISH,IPB1046,MORAL,3+,,,,,,
,,,,,3+,,,,,
PENGUIN,DEAR JUNO,IPB1047,MORAL,3+,,,,,,
ALADDIN PAPERBACKS,STREGA NONA,IPB1048,HUMOUR,3+,,,,,,
ALADDIN PAPERBACKS,SYLVESTER AND THE MAGIC PEBBLE,IPB1049,MORAL,3+,,,,,,
PLATT & MUNK PUBLISHERS,GOES ON A CLASS TRIP,IPB1052,MORAL,3+,,,,,,
HARPERCOLLINS,A SINGLE SHARD,IPB1062,DIARY OF A WORM,3+,,,,,,
HOUGHTON,PLANTS A SEED,IPB1063,CURIOUS GEORGE ,3+,,,,,,
HOUGHTON,GROWS A GARDEN,IPB1064,CURIOUS GEORGE,3+,,,,,,
SEASONS ,A TALE OF TWO FRIENDS,IPB1066,MORAL,3+,,,,,,
SEASONS,THE CAMEL AND HIS FRIENDS,IPB1067,MORAL,3+,,,,,,
MANOJ PUBLICATIONS,BOSKY AND THE PARCEL,IPB1068,MORAL,3+,,,,,,
MANOJ PUBLICATIONS,ELE AND HER GRANDMOTHERS  GLASSES,IPB1069,MORAL,3+,,,,,,
MANOJ PUBLICATIONS,CRYSTAL AND HER LYING WAYS,IPB1070,MORAL,3+,,,,,,
MANOJ PUBLICATIONS,GLUTTY LEARNS HIS LESSON,IPB1071,MORAL,3+,,,,,,
MANOJ PUBLICATIONS,BUTTERCUP SAVES SMURF,IPB1072,MORAL,3+,,,,,,
MANOJ PUBLICATIONS,MUFFIN AND TANGY,IPB1073,MORAL,3+,,,,,,
MANOJ PUBLICATIONS,THE DISOBEDIENT LAMB,IPB1074,MORAL,3+,,,,,,
MANOJ PUBLICATIONS,CUBBY TRANSFORMS HERSELF,IPB1075,MORAL,3+,,,,,,
MANOJ PUBLICATIONS,DAISY RUINS HER BIRTHDAY,IPB1076,MORAL,3+,,,,,,
MANOJ PUBLICATIONS,KLEPTY THE LIFTER,IPB1077,MORAL,3+,,,,,,
MANOJ PUBLICATIONS,GRACIE SAVES THE PARK,IPB1078,MORAL,,3+,,,,,
,,,,,3+,,,,,
,,,,,3+,,,,,
MANOJ PUBLICATIONS,GRACIE SAVES THE PARK,IPB1078,MORAL,3+,,,,,,
MANOJ PUBLICATIONS,SNOWBALL LEARNS ABOUT CLEANLINESS,IPB1079,MORAL,,3+,,,,,
MANOJ PUBLICATIONS,SNOWBALL LEARNS ABOUT CLEANLINESS,IPB1079,MORAL,3+,,,,,,
,,,,,3+,,,,,
LADYBIRD,THE ENORMOUS TERNIP,IPB1092,FAIRY TALES,6,3+,,,,,
PENGUIN,HUNOUR,IPB1093,RUSKIN BOND,9,3+,,,,,
HACHETTE,THE RATS FEAST,IPB1094,RABINDRANATH TAGORE,9,3+,,,,,
PENGUIN,A SEASON OF GHOSTS,IPB1095,RUSKIN BOND,9,3+,,,,,
MANOJ PUBLICATIONS,PIXIE THE GOOD NEIGHBOUR,IPB1080,MORAL,3+,,,,,,
MANOJ PUBLICATIONS,BOOMER THE RULE BREAKER,IPB1081,MORAL,3+,,,,,,
MANOJ PUBLICATIONS,DAISY MANAGES THE HOUSE,IPB1082,MORAL,3+,,,,,,
MANOJ PUBLICATIONS,PEPPIN THE STINKER,IPB1083,MORAL,3+,,,,,,
DRAGONFLY,GRANDFATHER TAMGS STORY,IPB1084,FAIRY TALES,3+,,,,,,
SHETH PUBLICATIONS,TINY TOTS  NURSERY RHYMES,IPB1088,EDUTAINMENT,3+,,,,,,
DISNEY,THE BIG BOOK OF WORDS,IPB1090,STORIES FROM PANCHATANTRA,3+,,,,,,
DREAMLAND,COLOURS & SHAPES,IPB1096,EDUTAINMENT,3+,,,,,,
DREAMLAND,ZOO ANIMALS,IPB1097,EDUTAINMENT,3+,,,,,,
DREAMLAND,WORD BOOK ,IPB1098,EDUTAINMENT,3+,,,,,,
MANOJ PUBLICATIONS,BOOMER THE RULE BREAKER,IPB1081,MORAL,,3+,,,,,
MANOJ PUBLICATIONS,DAISY MANAGES THE HOUSE,IPB1082,MORAL,,3+,,,,,
MANOJ PUBLICATIONS,PEPPIN THE STINKER,IPB1083,MORAL,,3+,,,,,
,,,,,3+,,,,,
,,,,,3+,,,,,
,,,,,3+,,,,,
,,,,,3+,,,,,
DREAMLAND,ACTION WORDS,IPB1099,EDUTAINMENT,3+,,,,,,
DREAMLAND,OPPOSITES,IPB1100,EDUTAINMENT,3+,,,,,,
DREAMLAND,NURSERY RHYMES,IPB1101,EDUTAINMENT,3+,,,,,,
DREAMLAND,NUMBERS 123,IPB1102,EDUTAINMENT,,3+,,,,,
DREAMLAND,MY BODY,IPB1103,EDUTAINMENT,,,,,,,
DREAMLAND,FUN WITH ABC,IPB1104,EDUTAINMENT,,,,,,,
,,,,,,,,,,
,,,,,,,,,,
,,,,,,,,,,
,,,,,,,,,,
,,,,,,,,,,
,,,,,,,,,,
,,,,,,,,,,
,,,,,,,,,,
,,,,,,,,,,
,,,,,,,,,,
,,,,,,,,,,
,,,,,,,,,,
,,,,,,,,,,
,,,,,,,,,,
,,,,,,,,,,
,,,,,,,,,,
,,,,,,,,,,
,,,,,,,,,,
,,,,,,,,,,
,,,,,,,,,,
,,,,,,,,,,
,,,,,,,,,,
,,,,,,,,,,
,,,,,,,,,,
,,,,,,,,,,
,,,,,,,,,,
,,,,,,,,,,
,,,,,,,,,,
,,,,,,,,,,
,,,,,,,,,,
,,,,,,,,,,
,,,,,,,,,,
,,,,,,,,,,
DREAMLAND,NUMBERS 123,IPB1102,EDUTAINMENT,3+,,,,,,
DREAMLAND,MY BODY,IPB1103,EDUTAINMENT,3+,,,,,,
DREAMLAND,FUN WITH ABC,IPB1104,EDUTAINMENT,3+,,,,,,
DREAMLAND,MANNERS,IPB1105,EDUTAINMENT,3+,,,,,,
MANOJ PUBLICATIONS,PANSY AND THE POT OF HONEY,IPB1113,MORAL,3+,,,,,,
MANOJ PUBLICATIONS,NUTTY AND BIRDIE,IPB1114,MORAL,,,,,,,
MANOJ PUBLICATIONS,DUKEY AND HER UMBRELLA,IPB1115,MORAL,,,,,,,
PARRAGON,OMNIVERSE OPPOSITES,IPB1152,BEN 10,,,,,,,
PARRAGON,LETTER SHAPES AND SOUNDS,IPB1153,BEN 10,,,,,,,
,,,,,,,,,,
,,,,,,,,,,
,,,,,,,,,,
,,,,,,,,,,
,,,,,,,,,,
,,,,,,,,,,
,,,,,,,,,,
,,,,,,,,,,
,,,,,,,,,,
,,,,,,,,,,
,,,,,,,,,,
,,,,,,,,,,
,,,,,,,,,,
,,,,,,,,,,
,,,,,,,,,,
,,,,,,,,,,
,,,,,,,,,,
,,,,,,,,,,
,,,,,,,,,,
MANOJ PUBLICATIONS,NUTTY AND BIRDIE,IPB1114,MORAL,3+,,,,,,
MANOJ PUBLICATIONS,DUKEY AND HER UMBRELLA,IPB1115,MORAL,,,,,,,
PARRAGON,OMNIVERSE OPPOSITES,IPB1152,BEN 10,,,,,,,
PARRAGON,LETTER SHAPES AND SOUNDS,IPB1153,BEN 10,,,,,,,
Droon,6+,,,,,,,,,
,,,,,,,,,,
,,,,,,,,,,
,,,,,,,,,,
,,,,,,,,,,
,,,,,,,,,,
,,,,,,,,,,
,,,,,,,,,,
,,,,,,,,,,
,,,,,,,,,,
,,,,,,,,,,
,,,,,,,,,,
,,,,,,,,,,
,,,,,,,,,,
,,,,,,,,,,
,,,,,,,,,,
,,,,,,,,,,
,,,,,,,,,,
,,,,,,,,,,
,,,,,,,,,,
,,,,,,,,,,
,,,,,,,,,,
,,,,,,,,,,
,,,,,,,,,,
,,,,,,,,,,
,,,,,,,,,,
,,,,,,,,,,
MANOJ PUBLICATIONS,DUKEY AND HER UMBRELLA,IPB1115,MORAL,3+,,,,,,
PARRAGON,OMNIVERSE OPPOSITES,IPB1152,BEN 10,3+,,,,,,
PARRAGON,LETTER SHAPES AND SOUNDS,IPB1153,BEN 10,3+,,,,,,
PARRAGON,GET READY FOR SCHOOL,IPB1154,BEN 10,3+,,,,,,
PARRAGON,SUPER SPELLING FOR SUPERHEROES,IPB1155,BEN 10,3+,,,,,,
HARPER COLLINS,THE DAY THE CRAYONS QUIT,IPB1160,EDUTAINMENT,3+,,,,,,
GREENWILLOW BOOKS ,PENNY AND HER MARBLE,IPB1165,MORAL,3+,,,,,,
Little Simon,Baby Bear Sees Blue,IPB1187,Edutainment,3+,,,,,,
Manoj Publications,Dusty And Bruno The Bully,IPB1216,Moral,3+,,,,,,
Manoj Publications,Over Confident Lanky Loses The Race,IPB1217,Moral,3+,,,,,,
Manoj Publications,Amber Gets A Brother,IPB1218,Moral,3+,,,,,,
Seasons ,The Three Fishes,IPB1219,Moral,3+,,,,,,
Seasons,The Jackal And The War Drum,IPB1220,Moral,3+,,,,,,
Seasons,Unity Is Strength,IPB1221,Moral,3+,,,,,,
Seasons,The Wise Old Gander,IPB1222,Moral,3+,,,,,,
Seasons,The Clever Hare,IPB1223,Moral,3+,,,,,,
Seasons,The Blue Jackal,IPB1224,Moral,3+,,,,,,
Seasons,The Greedy Crane,IPB1225,Moral,3+,,,,,,
Seasons,The Mice That Ate Lron,IPB1226,Moral,3+,,,,,,
Seasons,The Monkey And The Log,IPB1227,Moral,3+,,,,,,
Seasons,The Greedy Jackal,IPB1228,Moral,3+,,,,,,
Seasons,The Crows And The Snake,IPB1229,Moral,3+,,,,,,
Seasons,The Monkey And The Crocodile,IPB1230,Moral,3+,,,,,,
Harper Trophy,Seashore Treasure,IPB1231,The Berenstain Bears,3+,,,,,,
Harper Trophy,Down On The Farm,IPB1232,The Berenstain Bears,3+,,,,,,
Random House,Gorillas Gentle Giants Of The Forest,IPB1233,Edutainment,3+,,,,,,
Random House,Catch The Bus,IPB1234,The Berenstain Bears,3+,,,,,,
Harper Trophy,Shaggy Little Pony,IPB1235,The Berenstain Bears,,,,,,,
,,,,,,,,,,
,,,,,,,,,,
,,,,,,,,,,
,,,,,,,,,,
,,,,,,,,,,
,,,,,,,,,,
,,,,,,,,,,
,,,,,,,,,,
,,,,,,,,,,
,,,,,,,,,,
,,,,,,,,,,
,,,,,,,,,,
,,,,,,,,,,
,,,,,,,,,,
,,,,,,,,,,
,,,,,,,,,,
Harper Trophy,Wishing Star ,IPB1236,The Berenstain Bears,3+,,,,,,
Random House,Missing Honey,IPB1237,The Berenstain Bears,,,,,,,
Random House,Dollars And Sense,IPB1238,The Berenstain Bears,,,,,,,
Random House,Count Their Blessings,IPB1239,The Berenstain Bears,,,,,,,
Random House,Blaze A Trail,IPB1240,The Berenstain Bears,,,,,,,
,,,,,,,,,,
,,,,,,,,,,
,,,,,,,,,,
,,,,,,,,,,
,MACMILLAN,SUPERFUDGE,IPB1288,FUDGE ADVENTURE,9+,,,,,
,,,,,,,,,,
,,,,,,,,,,
,,,,,,,,,,
,,,,,,,,,,
,,,,,,,,,,
,,,,,,,,,,
,,,,,,,,,,
,,,,,,,,,,
,,,,,,,,,,
,,,,,,,,,,
,,,,,,,,,,
,,,,,,,,,,
,,,,,,,,,,
Random House,Missing Honey,IPB1237,The Berenstain Bears,3+,,,,,,
Random House,Dollars And Sense,IPB1238,The Berenstain Bears,3+,,,,,,
Random House,Count Their Blessings,IPB1239,The Berenstain Bears,3+,,,,,,
Random House,Blaze A Trail,IPB1240,The Berenstain Bears,3+,,,,,,
Random House,The Birds The Bees,IPB1241,The Berenstain Bears,3+,,,,,,
SEASONS,THE SPARROW AND THE MONKEY,IPB1261,MORAL,,,,,,,
SEASONS,THE SPARROW AND THE MONKEY,IPB1261,MORAL,3+,,,,,,
CHINMAYA BALA KATHA,GANESHAS MOUSECAPADE,IPB1279,RELIGIOUS,3+,,,,,,
PENGUIN,THE FIRE FIGHTERS,IPB1302,CURIOUS GEORGE, 3+,,,,,,
PANMACMILLAN,CATCHER A TRAIN,IPB1303,CURIOUS GEORGE,,,,,,,
KIDS CAN PRESS,THE STOPWATCH,IPB1304,FRANKLIN,,,,,,,
KIDS CAN PRESS,SOAPBOX DERBY,IPB1305,FRANKLIN,,,,,,,
KIDS CAN PRESS,THE DUCKLING,IPB1306,FRANKLIN,,,,,,,
,,,,,,,,,,
,,,,,,,,,,
,,,,,,,,,,
,,,,,,,,,,
,,,,,,,,,,
,,,,,,,,,,
,,,,,,,,,,
,,,,,,,,,,
,,,,,,,,,,
,,,,,,,,,,
,,,,,,,,,,
,,,,,,,,,,
,,,,,,,,,,
,,,,,,,,,,
,,,,,,,,,,
,,,,,,,,,,
,,,,,,,,,,
,,,,,,,,,,
,,,,,,,,,,
,,,,,,,,,,
,,,,,,,,,,
,,,,,,,,,,
,,,,,,,,,,
,,,,,,,,,,
,,,,,,,,,,
,,,,,,,,,,
,,,,,,,,,,
,,,,,,,,,,
,,,,,,,,,,
,,,,,,,,,,
,,,,,,,,,,
,,,,,,,,,,
,,,,,,,,,,
,,,,,,,,,,
,,,,,,,,,,
,,,,,,,,,,
,,,,,,,,,,
,,,,,,,,,,
,,,,,,,,,,
,,,,,,,,,,
,,,,,,,,,,
PANMACMILLAN,CATCHER A TRAIN,IPB1303,CURIOUS GEORGE,3+,,,,,,
KIDS CAN PRESS,THE STOPWATCH,IPB1304,FRANKLIN,3+,,,,,,
KIDS CAN PRESS,SOAPBOX DERBY,IPB1305,FRANKLIN,3+,,,,,,
KIDS CAN PRESS,THE DUCKLING,IPB1306,FRANKLIN,3+,,,,,,
SCHOLASTIC,LEGO EXPRESS MYSTERY,IPB1308,HUMOURS,3+,,,,,,
SCHOLASTIC,TO THE RESCUE,IPB1309,EDUTAINMENT,3+,,,,,,
SCHOLASTIC,READY FOR TAKEOFF,IPB1310,EDUTAINMENT,,,,,,,
KIDS CAN PRESS,GOES TO SCHOOL,IPB1356,FRANKLIN,,,,,,,
KIDS CAN PRESS,CLASS TRIP,IPB1357,FRANKLIN,,,,,,,
,,,,,,,,,,
,,,,,,,,,,
,,,,,,,,,,
,,,,,,,,,,
,,,,,,,,,,
,,,,,,,,,,
,,,,,,,,,,
SCHOLASTIC,READY FOR TAKEOFF,IPB1310,EDUTAINMENT,3+,,,,,,
KIDS CAN PRESS,GOES TO SCHOOL,IPB1356,FRANKLIN,3+,,,,,,
KIDS CAN PRESS,CLASS TRIP,IPB1357,FRANKLIN,3+,,,,,,
KIDS CAN PRESS,THE THUNDERSTORM,IPB1358,FRANKLIN,3+,,,,,,
SCHOLASTIC,BUILD THIS CITY,IPB1359,EDUTAINMENT,3+,,,,,,
SCHOLASTIC,WORK THIS FARM,IPB1360,EDUTAINMENT,3+,,,,,,
SCHOLASTIC,FIX THAT TRUCK,IPB1361,EDUTAINMENT,3+,,,,,,
HARPER COLLINS,FANCY DAY IN ROOM 1-A,IPB1372,FANCY NANCY,3+,,,,,,
HARPER COLLINS,DIXIE WINS THE RACE,IPB1373,THE BERENSTAIN BEARS,,,,,,,
HARPER COLLINS,DIXIE WINS THE RACE,IPB1373,THE BERENSTAIN BEARS,3+,,,,,,
HARPER COLLINS,TOO MANY TUTUS,IPB1374,FANCY NANCY,3+,,,,,,
HARPER COLLINS,THE DAZZLING BOOK REPORT,IPB1375,FANCY NANCY,3+,,,,,,
HARPER COLLINS,HAPPY GO DUCK,IPB1376,I CAN READ,3+,,,,,,
HARPER COLLINS,THE FAT CAT SAT ON THE MAT,IPB1377,I CAN READ,3+,,,,,,
HARPER COLLINS,MORRIS THE MOOSE,IPB1378,THE BERENSTAIN BEARS,3+,,,,,,
HARPER COLLINS,MORRIS AND BORIS A THE CIRCUS,IPB1379,HUMOUR,3+,,,,,,
STERLING PUBLISHERS,THE ARTIST ,IPB1381,BRUNO,3+,,,,,,
STERLING PUBLISHERS,LEARN TO SHARE,IPB1382,BRUNO,,,,,,,
,,,,,,,,,,
,,,,,,,,,,
,,,,,,,,,,
,,,,,,,,,,
,,,,,,,,,,
,,,,,,,,,,
,,,,,,,,,,
,,,,,,,,,,
,,,,,,,,,,
,,,,,,,,,,
,,,,,,,,,,
,,,,,,,,,,
,,,,,,,,,,
,,,,,,,,,,
,,,,,,,,,,
,,,,,,,,,,
,,,,,,,,,,
,,,,,,,,,,
,,,,,,,,,,
,,,,,,,,,,
,,,,,,,,,,
,,,,,,,,,,
,,,,,,,,,,
,,,,,,,,,,
,,,,,,,,,,
,,,,,,,,,,
,,,,,,,,,,
,,,,,,,,,,
,,,,,,,,,,
,,,,,,,,,,
,,,,,,,,,,
,,,,,,,,,,
,,,,,,,,,,
,,,,,,,,,,
,,,,,,,,,,
,,,,,,,,,,
STERLING PUBLISHERS,LEARN TO SHARE,IPB1382,BRUNO,3+,,,,,,
STERLING PUBLISHERS,OWNS UP,IPB1383,BUBBLES,3+,,,,,,
STERLING PUBLISHERS,PLAYS WITH FIRE,IPB1384,PEPPER,3+,,,,,,
STERLING PUBLISHERS,IS HONEST,IPB1385,BUBBLES,,,,,,,
STERLING PUBLISHERS,GOES TO SCHOOL,IPB1386,BUBBLES,,,,,,,
,,,,,,,,,,
,,,,,,,,,,
,,,,,,,,,,
,,,,,,,,,,
STERLING PUBLISHERS,IS HONEST,IPB1385,BUBBLES,3+,,,,,,
STERLING PUBLISHERS,GOES TO SCHOOL,IPB1386,BUBBLES,3+,,,,,,
HARPER COLLINS,THE FAT CAT SAT ON THE MAT,IPB1377,I CAN READ,,,,,,,
STERLING PUBLISHERS,BRUNO TELLS THE TRUTH ,IPB1387,BRUNO,3+,,,,,,
PARRAGON,A FAIRY SECRET,IPB1388,BARBIE,,,,,,,
,,,,,,,,,,
PARRAGON,A FAIRY SECRET,IPB1388,BARBIE,3+,,,,,,
MERCURY,HOW DOSE YOUR GARDEN GROW,IPB1426,EDUTAINMENT,3+,,,,,,
NATIONAL GEOGRAPHIC,ANYBODY HOME,IPB1427,EDUTAINMENT,,,,,,,
NATIONAL GEOGRAPHIC,ANYBODY HOME,IPB1427,EDUTAINMENT,3+,,,,,,
NATIONAL GEOGRAPHIC,HIDE AND SEEK,IPB1428,EDUTAINMENT,3+,,,,,,
BLOOMSBURY,CHUS DAY,IPB1435,NEIL GAIMAN,3+,,,,,,
BLOOMSBURY,CHUS FIRST DAY AT SCHOOL,IPB1436,NEVER LAND PIRATES,,,,,,,
,,,,,,,,,,
BLOOMSBURY,CHUS FIRST DAY AT SCHOOL,IPB1436,NEVER LAND PIRATES,3+,,,,,,
TULIKA,JUNIOR KUMBHAKARNA,IPB1438,HUMOURS,3+,,,,,,
RANDOMHOUSE,DINOSAUR BONE,IPB1441,THE BERENSTEIN BEARS,3+,,,,,,
RANDOMHOUSE,REPORT CARD TROUBLE,IPB1442,THE BERENSTEIN BEARS,,,,,,,
RANDOMHOUSE,THE EXCUSE NOTE,IPB1444,THE BERENSTEIN BEARS,,,,,,,
RANDOMHOUSE,LEARN ABOUT STRANGERS,IPB1445,THE BERENSTEIN BEARS,,,,,,,
RANDOMHOUSE,TROUBLE WITH MONEY,IPB1446,THE BERENSTEIN BEARS,,,,,,,
,,,,,,,,,,
RANDOMHOUSE,REPORT CARD TROUBLE,IPB1442,THE BERENSTEIN BEARS,3+,,,,,,
RANDOMHOUSE,THE EXCUSE NOTE,IPB1444,THE BERENSTEIN BEARS,,,,,,,
RANDOMHOUSE,THE EXCUSE NOTE,IPB1444,THE BERENSTEIN BEARS,3+,,,,,,
RANDOMHOUSE,TROUBLE WITH MONEY,IPB1446,THE BERENSTEIN BEARS,,,,,,,
,,,,,,,,,,
,,,,,,,,,,
,,,,,,,,,,
,,,,,,,,,,
,,,,,,,,,,
,,,,,,,,,,
,,,,,,,,,,
,,,,,,,,,,
,,,,,,,,,,
,,,,,,,,,,
,,,,,,,,,,
,,,,,,,,,,
,,,,,,,,,,
,,,,,,,,,,
RANDOMHOUSE,LEARN ABOUT STRANGERS,IPB1445,THE BERENSTEIN BEARS,3+,,,,,,
RANDOMHOUSE,TROUBLE WITH MONEY,IPB1446,THE BERENSTEIN BEARS,3+,,,,,,
HARPERCOLLINS PUBLISHERS,THE MARCO POLO,IPB1449,LITTLE BEAR,3+,,,,,,
HARPERCOLLINS PUBLISHERS,FRIEND ,IPB1450,LITTLE BEAR,3+,,,,,,
HARPERCOLLINS PUBLISHERS,ELSE HOLMELUND MINARIK ,IPB1451,LITTLE BEAR,3+,,,,,,
HARPERCOLLINS PUBLISHERS,THE DANGEROUS ALPHABET,IPB1457,EDUTAINMENT,3+,,,,,,
HARPERCOLLINS PUBLISHERS,VISIT,IPB1459,LITTLE BEAR,,,,,,,
,,,,,,,,,,
,,,,,,,,,,
,,,,,,,,,,
,,,,,,,,,,
HARPERCOLLINS PUBLISHERS,VISIT,IPB1459,LITTLE BEAR,3+,,,,,,
SIMOM & SCHUSTER,THANK YOU DAY,IPB1475,EDUTAINMENT,3+,,,,,,
SIMOM & SCHUSTER,DANIEL GOES OUT FOR DINNER,IPB1476,EDUTAINMENT,3+,,,,,,
SIMOM & SCHUSTER,DANIEL PLAYS BALL,IPB1477,EDUTAINMENT,3+,,,,,,
RANDOMHOUSE,RUDOLPH THE RED-NOSED REINDEER,IPB1478,EDUTAINMENT,3+,,,,,,
SIMOM & SCHUSTER,DANIEL GOES TO SCHOOL,IPB1479,EDUTAINMENT,3+,,,,,,
FUN OK PLEASE,THE ADVENTURES OF TOTO THE AUTO,IPB1480,EDUTAINMENT,3+,,,,,,
ZONDER KIDZ,HELPTHE HOMELESS,IPB1486,THE BERENSTAIN BEARS,3+,,,,,,
HOUGHTON,A HOME FOR HONEYBEES,IPB1487,CURIOUS GEORGE,3+,,,,,,
HOUGHTON,THE DONUT DELIVERY,IPB1488,CURIOUS GEORGE,3+,,,,,,
HARPERCOLLINS,FAITHFUL FRIENDS ,IPB1489,THE BERENSTAIN BEARS,,,,,,,
HARPERCOLLINS,FAITHFUL FRIENDS ,IPB1489,THE BERENSTAIN BEARS,3+,,,,,,
HATCHET,LOVE THEIR NEIGHBORS,IPB1490,THE BERENSTAIN BEARS,3+,,,,,,
HARPERCOLLINS,DINOSAUR DIG,IPB1491,THE BERENSTAIN BEARS,3+,,,,,,
HARPERCOLLINS,COMMERCIALS,IPB1492,THE BERENSTAIN BEARS,3+,,,,,,
HARPERCOLLINS,AND THE BIG SPELLING,IPB1493,THE BERENSTAIN BEARS,,,,,,,
FUN OK PLEASE,THE ADVENTURES OF TOTO THE AUTO,IPB1480,EDUTAINMENT,,,,,,,
,,,,,,,,,,
,,,,,,,,,,
,,,,,,,,,,
,,,,,,,,,,
,,,,,,,,,,
HARPERCOLLINS,AND THE BIG SPELLING,IPB1493,THE BERENSTAIN BEARS,3+,,,,,,
HARPERCOLLINS,COMPUTER TROUBLE,IPB1494,THE BERENSTAIN BEARS,,,,,,,
,,,,,,,,,,
,,,,,,,,,,
,,,,,,,,,,
,,,,,,,,,,
,,,,,,,,,,
,,,,,,,,,,
,,,,,,,,,,
,,,,,,,,,,
HARPERCOLLINS,COMPUTER TROUBLE,IPB1494,THE BERENSTAIN BEARS,3+,,,,,,
,,,,,,,,,,
,,,,,,,,,,
HARPERCOLLINS,SAFE AND SOUND,IPB1495,THE BERENSTAIN BEARS,3+,,,,,,
HARPERCOLLINS,AIR IS ALL AROUND YOU,IPB1497,EDUTAINMENT,3+,,,,,,
HARPERCOLLINS,DUCKS DON'T GET WET,IPB1498,EDUTAINMENT,3+,,,,,,
HARPERCOLLINS,WHAT COLOR IS CAMOUFLAGE,IPB1499,EDUTAINMENT,3+,,,,,,
HARPERCOLLINS,GRAVITY IS A MYSTERY,IPB1500,EDUTAINMENT,3+,,,,,,
FUN OK PLEASE,ADVENTURES OF TOTO THE AUTO 2,IPB1508,TOTO THE AUTO,3+,,,,,,
RANDOMHOUSE,WILD KRATTS,IPB1518,EDUTAINMENT,3+,,,,,,
HARPER COLLINS,NO FIGHTING NO BITING,IPB1521,MORAL,3+,,,,,,
HARPER COLLINS,FATHER BEAR COMES HOME,IPB1522,LITTER BEAR,3+,,,,,,
HARPER TROPHY,MORRIS GOES TO SCHOOL,IPB1523,MORRIS THE MOOSE,3+,,,,,,
HARPER TROPHY,THE HORSE IN HARRYS ROOM,IPB1524,MORAL,3+,,,,,,
HARPER TROPHY,SAMMY THE SEAL,IPB1525,EDUTAINMENT,,,,,,,
HARPER TROPHY,THE FIRE CAT,IPB1526,EDUTAINMENT,,,,,,,
,,,,,,,,,,
,,,,,,,,,,
,,,,,,,,,,
,,,,,,,,,,
,,,,,,,,,,
,,,,,,,,,,
,,,,,,,,,,
,,,,,,,,,,
,,,,,,,,,,
,,,,,,,,,,
,,,,,,,,,,
,,,,,,,,,,
,,,,,,,,,,
HARPER TROPHY,SAMMY THE SEAL,IPB1525,EDUTAINMENT,3+,,,,,,
HARPER TROPHY,THE FIRE CAT,IPB1526,EDUTAINMENT,3+,,,,,,
HARPER TROPHY,AMD I MEAN TI STANLEY,IPB1527,MYSTERY,3+,,,,,,
HARPER TROPHY,CAPTAIN CAT,IPB1529,MORAL,3+,,,,,,
HARPER TROPHY,A PICTURE FOR HAROLD'S ROOM ,IPB1530,EDUTAINMENT,3+,,,,,,
HARPER TROPHY,OSCAR OTTER,IPB1531,MYSTERY,3+,,,,,,
MACAW,LITTLE RED RIDING HOOD,IPB1548,FAIRY TALES,3+,,,,,,
MACAW,THE UGLY DUCKLING,IPB1549,FAIRY TALES,3+,,,,,,
PARRAGON,PLEASE THANK YOU,IPB1550,FAIRY TALES,3+,,,,,,
PRATHAM BOOK,WE ARE ALL ANIMALS,IPB1551,EDUTAINMENT,3+,,,,,,
DISNEY,KINDNESS-II,IPB1552,MORAL,3+,,,,,,
DISNEY,PERSEVERANCE-II,IPB1553,MORAL,3+,,,,,,
DISNEY,FRIENDSHIP-II,IPB1554,MORAL,3+,,,,,,
DISNEY,HOPE-II,IPB1555,MORAL,3+,,,,,,
DISNEY,RESPECT-II,IPB1556,MORAL,3+,,,,,,
DISNEY,COURAGE-II,IPB1557,MORAL,3+,,,,,,
DISNEY,LOVE-II,IPB1558,MORAL,3+,,,,,,
STERLING PUBLISHERS,CLEANS HIS ROOM-II,IPB1559,PEPPER,3+,,,,,,
EARLY CHILDHOOD PUBLICATIONS,FINDS A BALL-II,IPB1560,BRUNO,3+,,,,,,
EARLY CHILDHOOD PUBLICATIONS,LEARNS TO SHARE-II,IPB1561,BRUNO,3+,,,,,,
EARLY CHILDHOOD PUBLICATIONS,THE ARTIST-II,IPB1562,BRUNO,3+,,,,,,
,,,,,,,,,,
,,,,,,,,,,
,,,,,,,,,,
,,,,,,,,,,
,,,,,,,,,,
,,,,,,,,,,
,,,,,,,,,,
EARLY CHILDHOOD PUBLICATIONS,YOUR TOYS AWAY-II,IPB1563,BRUNO,3+,,,,,,
EARLY CHILDHOOD PUBLICATIONS,TELLS THE TRUTH-II,IPB1564,BRUNO,3+,,,,,,
EARLY CHILDHOOD PUBLICATIONS,THE LITTERBUG-II,IPB1565,BUBBLES,3+,,,,,,
EARLY CHILDHOOD PUBLICATIONS,GETS LOST-II,IPB1566,BRUNO,3+,,,,,,
APPU,THE MICE AND THE ELEPHANTS,IPB1567,MORAL,3+,,,,,,
STERLING PUBLISHERS,CLEANS HIS ROOM-II,IPB1559,PEPPER,,,,,,,
SHREE BOOK CENTRE,BEAUTY AND THE BEAST,IPB1568,FAIRY TALES,3+,,,,,,
SRI RAMAKRISHNA MATH,PICTORIAL STORIES FOR CHILDREN,IPB1576,RELIGIOUS,3+,,,,,,
MANOJ PUBLICATIONS,STORIES OF GRANDPA-II,IPB1577,MORAL,3+,,,,,,
KIDS CAN PRESS,THANKSGIVING,IPB1578,FRANKLIN,3+,,,,,,
KIDS CAN PRESS,ROCKET TEAM,IPB1579,FRANKLIN,3+,,,,,,
KIDS CAN PRESS,RIDES A BIKE,IPB1580,FRANKLIN,,,,,,,
HARPER TROPHY,FOSSILS TELL OF LONG AGO,IPB1582,EDUTAINMENT,,,,,,,
KIDS CAN PRESS,RIDES A BIKE,IPB1580,FRANKLIN,3+,,,,,,
HARPER TROPHY,FOSSILS TELL OF LONG AGO,IPB1582,EDUTAINMENT,3+,,,,,,
HARPER TROPHY,HOW MOUNTAINS ARE MADE,IPB1583,EDUTAINMENT,3+,,,,,,
HARPER TROPHY,DOWN COMES THE RAIN,IPB1584,EDUTAINMENT,3+,,,,,,
HARPER TROPHY,ARCHAEPLOGISTS DIG FOR CLUES,IPB1585,EDUTAINMENT,3+,,,,,,
HARPER TROPHY,I M GROWING,IPB1586,EDUTAINMENT,,,,,,,
,,,,,,,,,,
,,,,,,,,,,
,,,,,,,,,,
,,,,,,,,,,
,,,,,,,,,,
,,,,,,,,,,
,,,,,,,,,,
,,,,,,,,,,
,,,,,,,,,,
,,,,,,,,,,
,,,,,,,,,,
,,,,,,,,,,
,,,,,,,,,,
,,,,,,,,,,
,,,,,,,,,,
,,,,,,,,,,
,,,,,,,,,,
,,,,,,,,,,
HARPER TROPHY,I M GROWING,IPB1586,EDUTAINMENT,3+,,,,,,
KIDS CAN PRESS,FRANKLIN AND THE RADIO,IPB1589,FRANKLIN,,,,,,,
KIDS CAN PRESS,FRANKLIN AND THE RADIO,IPB1589,FRANKLIN,3+,,,,,,
,,,,,,,,,,
,,,,,,,,,,
,,,,,,,,,,
,,,,,,,,,,
KIDS CAN PRESS,CASE OF THE NEW FRIEND,IPB1590,FRANKLIN,3+,,,,,,
KIDS CAN PRESS,FRANKLIN PLAYS HOCKEY,IPB1591,FRANKLIN,,,,,,,
KIDS CAN PRESS,THE LITTLE BUBBLE,IPB1592,FRANKLIN,,,,,,,
KIDS CAN PRESS,FRANKLIN AND THE WONDER,IPB1593,FRANKLIN,,,,,,,
,,,,,,,,,,
,,,,,,,,,,
KIDS CAN PRESS,FRANKLIN PLAYS HOCKEY,IPB1591,FRANKLIN,3+,,,,,,
,,,,,,,,,,
,,,,,,,,,,
,,,,,,,,,,
,,,,,,,,,,
KIDS CAN PRESS,THE LITTLE BUBBLE,IPB1592,FRANKLIN,3+,,,,,,
KIDS CAN PRESS,FRANKLIN AND THE WONDER,IPB1593,FRANKLIN,3+,,,,,,
HARERTROPHY,THE BALLOON RACE,IPB1613,MORAL,3+,,,,,,
BLOOMSBURY,MY LITTLE STAR,IPB1615,MORAL,3+,,,,,,
PENGUIN,CAPTAIN BUCKLEBOOTS ON THE NAUGHTY STEP,IPB1620,MORAL,3+,,,,,,
FARER COLLINS PUBLISHERS,CLOUDS,IPB1626,EDUTAINMENT,3+,,,,,,
LADYBIRD,LITTLE CREATURES ,IPB1631,EDUTAINMENT,3+,,,,,,
,,,,,,,,,,
,,,,,,,,,,
,,,,,,,,,,
,,,,,,,,,,
,,,,,,,,,,
,,,,,,,,,,
,,,,,,,,,,
,,,,,,,,,,
,,,,,,,,,,
,,,,,,,,,,
,,,,,,,,,,
,,,,,,,,,,
,,,,,,,,,,
,,,,,,,,,,
,,,,,,,,,,
,,,,,,,,,,
,,,,,,,,,,
,,,,,,,,,,
LADYBIRD,RECYCLING FUN,IPB1632,EDUTAINMENT,3+,,,,,,
LADYBIRD,TOPSY AND TIM GO ON AN AEROPLANE,IPB1633,EDUTAINMENT,3+,,,,,,
,,,,,,,,,,
,,,,,,,,,,
LADYBIRD,TOPSY AND TIM GO TO THE ZOO,IPB1634,EDUTAINMENT,3+,,,,,,
LADYBIRD,TOPSY AND TIM AT THE FARM,IPB1635,EDUTAINMENT,,,,,,,
LADYBIRD,TOPSY AND TIM AT THE FARM,IPB1635,EDUTAINMENT,3+,,,,,,
LADYBIRD,TOPSY AND TIM VISIT LONDON,IPB1636,EDUTAINMENT,3+,,,,,,
LADYBIRD,PEPPA GOES ICE-SKATING,IPB1637,MORAL,3+,,,,,,
SCHOLASTIC,TRUCKS AROUND THE CITY,IPB1656,EDUTAINMENT,3+,,,,,,
,,,,,,,,,,
,,,,,,,,,,
,,,,,,,,,,
,,,,,,,,,,
,,,,,,,,,,
,,,,,,,,,,
,,,,,,,,,,
,,,,,,,,,,
,,,,,,,,,,
,,,,,,,,,,
,,,,,,,,,,
,,,,,,,,,,
,,,,,,,,,,
,,,,,,,,,,
,,,,,,,,,,
LADY BIRD,PEPPA PIGS FAMILY COMPUTER,IPB1657,EDUTAINMENT,3+,,,,,,
LADY BIRD,SPORTS DAY ,IPB1660,EDUTAINMENT,,,,,,,
,,,,,,,,,,
,,,,,,,,,,
,,,,,,,,,,
,,,,,,,,,,
,,,,,,,,,,
,,,,,,,,,,
,,,,,,,,,,
,,,,,,,,,,
,,,,,,,,,,
,,,,,,,,,,
,,,,,,,,,,
,,,,,,,,,,
LADY BIRD,SPORTS DAY ,IPB1660,EDUTAINMENT,3+,,,,,,
,,,,,,,,,,
,,,,,,,,,,
,,,,,,,,,,
,,,,,,,,,,
,,,,,,,,,,
LADY BIRD,TOPSY AND TIM MEET THE POLICE,IPB1662,EDUTAINMENT,3+,,,,,,
LADY BIRD,TOPSY AND TIM SAFETY FIRST,IPB1663,EDUTAINMENT,3+,,,,,,
LADY BIRD,TOPSY AND TIM GO ON A TRAIN  ,IPB1664,EDUTAINMENT,3+,,,,,,
LADY BIRD,NATURE TRAIL,IPB1665,EDUTAINMENT,3+,,,,,,
,,,,,,,,,,
,,,,,,,,,,
,,,,,,,,,,
,,,,,,,,,,
SCHOLASTIC,FIGHT THE FIRE,IPB1681,LEGO CITY,3+,,,,,,
HARPERCOLLINS,LOST AND FOUND,IPB1695,MORAL,3+,,,,,,
QED PUBLISHING,MILK AND JASMINE FLOWER,IPB1701,MORAL,3+,,,,,,
CANDLEWICK,THE VEGETABLE GARDEN,IPB1702,EDUTAINMENT,,,,,,,
CANDLEWICK,THE VEGETABLE GARDEN,IPB1702,EDUTAINMENT,3+,,,,,,
PAN MACMILLAN,THE SINGING MERMAID,IPB1703,ADVENTURE,3+,,,,,,
PAN MACMILLAN,THE PAPER DOLLS,IPB1704,ADVENTURE,3+,,,,,,
PAN MACMILLAN,MONKEY PUZZLE,IPB1709,MORAL,3+,,,,,,
PAN MACMILLAN,PRINCESS AND THE WIZARD,IPB1710,ADVENTURE,3+,,,,,,
PENGUIN,NIGHT MONKEY DAY MONKEY ,IPB1711,MORAL,3+,,,,,,
MACMILLAN,ROSIES HAT,IPB1713,HUMOUR,3+,,,,,,
MACMILLAN,THE GRUFFALO,IPB1714,HUMOUR,3+,,,,,,
MACMILLAN,TURANNOSAURUS DRIP,IPB1715,HUMOUR,3+,,,,,,
,,,,,,,,,,
,,,,,,,,,,
,,,,,,,,,,
MACMILLAN,THE SMARTEST GIANT IN TOWN,IPB1716,MORAL,3+,,,,,,
MACMILLAN,THE MAGIC PAINTBRUSH,IPB1717,MORAL,,,,,,,
MACMILLAN,JACK AND THE FLUMFLUM TREE,IPB1718,ADVENTURE,,,,,,,
MACMILLAN,SHARING A SHELL,IPB1719,MORAL,,,,,,,
,,,,,,,,,,
,,,,,,,,,,
,,,,,,,,,,
,,,,,,,,,,
,,,,,,,,,,
,,,,,,,,,,
,,,,,,,,,,
,,,,,,,,,,
,,,,,,,,,,
,,,,,,,,,,
,,,,,,,,,,
,,,,,,,,,,
,,,,,,,,,,
,,,,,,,,,,
,,,,,,,,,,
,,,,,,,,,,
,,,,,,,,,,
,,,,,,,,,,
,,,,,,,,,,
,,,,,,,,,,
,,,,,,,,,,
MACMILLAN,THE MAGIC PAINTBRUSH,IPB1717,MORAL,3+,,,,,,
MACMILLAN,JACK AND THE FLUMFLUM TREE,IPB1718,ADVENTURE,3+,,,,,,
MACMILLAN,SHARING A SHELL,IPB1719,MORAL,3+,,,,,,
PAN MACMILLAN,PRINCESS AND THE WIZARD,IPB1710,ADVENTURE,,,,,,,
,,,,,,,,,,
,,,,,,,,,,
,,,,,,,,,,
,,,,,,,,,,
KINGFISHER,WHY TREES HAVE LEAVES,IPB1720,EDUTAINMENT,3+,,,,,,
MACMILLAN,RABBITS NAP,IPB1721,HUMOUR,,,,,,,
MACMILLAN,RABBITS NAP,IPB1721,HUMOUR,3+,,,,,,
KINGFISHER,WHY SOAP MAKES BUBBLES,IPB1725,EDUTAINMENT,3+,,,,,,
HEINEMANN,EXPLORING RIVERS,IPB1750,EDUTAINMENT,,,,,,,
HEINEMANN,JOINING WORDS,IPB1751,EDUTAINMENT,,,,,,,
MACMILLAN,THE SMARTEST GIANT IN TOWN,IPB1716,MORAL,,,,,,,
HEINEMANN,EXPLORING RIVERS,IPB1750,EDUTAINMENT,3+,,,,,,
MACMILLAN,JACK AND THE FLUMFLUM TREE,IPB1718,ADVENTURE,,,,,,,
,,,,,,,,,,
,,,,,,,,,,
,,,,,,,,,,
,,,,,,,,,,
,,,,,,,,,,
,,,,,,,,,,
,,,,,,,,,,
,,,,,,,,,,
,,,,,,,,,,
,,,,,,,,,,
,,,,,,,,,,
,,,,,,,,,,
HEINEMANN,JOINING WORDS,IPB1751,EDUTAINMENT,3+,,,,,,
,,,,,,,,,,
,,,,,,,,,,
,,,,,,,,,,
HEINEMANN,GROUPING WORDS,IPB1752,EDUTAINMENT,3+,,,,,,
PHILOMEL,OLD BEAR AND HIS CUB,IPB1759,MORAL,3+,,,,,,
MACMILLAN,JACK AND THE FLUMFLUM TREE,IPB1718,ADVENTURE,,,,,,,
,,,,,,,,,,
SIMON AND SCHUSTER,THE INVISIBLE MONSTER,IPB1761,MIKE THE KNIGHT,3+,,,,,,
SIMON AND SCHUSTER,THE SCARY DRAGONS,IPB1762,MIKE THE KNIGHT,3+,,,,,,
PENGUIN,JIM AND THE BEANSTALK,IPB1766,EDUTAINMENT,3+,,,,,,
SIMON & SCHUSTER,THE JEWEL OF GLENDRAGON,IPB1780,READY TO READ,3+,,,,,,
EGMONT,FOLLOW THE SEALLOW,IPB1784,EDUTAINMENT,,,,,,,
EGMONT,SPINDERRELLA,IPB1785,EDUTAINMENT,,,,,,,
SIMON AND SCHUSTER,THE TRICKY TRAIL,IPB1788,MIKE THE KNIGHT,,,,,,,
,,,,,,,,,,
,,,,,,,,,,
,,,,,,,,,,
EGMONT,FOLLOW THE SEALLOW,IPB1784,EDUTAINMENT,3+,,,,,,
EGMONT,SPINDERRELLA,IPB1785,EDUTAINMENT,3+,,,,,,
HEINEMANN,JOINING WORDS,IPB1751,EDUTAINMENT,,,,,,,
HEINEMANN,GROUPING WORDS,IPB1752,EDUTAINMENT,,,,,,,
,,,,,,,,,,
,,,,,,,,,,
,,,,,,,,,,
,,,,,,,,,,
SIMON AND SCHUSTER,THE TRICKY TRAIL,IPB1788,MIKE THE KNIGHT,3+,,,,,,
SIMON AND SCHUSTER,JOURNEY TO DRAGON MOUNTAIN,IPB1789,MIKE THE KNIGHT,3+,,,,,,
PENGUIN,THE VERY BUSY SPIDER,IPB1790,EDUTAINMENT,3+,,,,,,
HARPERCOLLINS,PADDINGTON AT THE ZOO ,IPB1791,EDUTAINMENT,3+,,,,,,
HARPERCOLLINS,PADDINGTON AT THE PALACE,IPB1798,EDUTAINMENT,,,,,,,
HARPERCOLLINS,PADDINGTON AT THE PALACE,IPB1798,EDUTAINMENT,3+,,,,,,
HARPERCOLLINS,PADDINGTON AND THE MARMALADE MAZE,IPB1799,EDUTAINMENT,3+,,,,,,
PHILOMEL,LITTLE CUB,IPB1806,MORAL,3+,,,,,,
RUBYS STUDIO,FRIENDSHIP,IPB1807,MORAL,3+,,,,,,
RUBYS STUDIO,CASEY CATERPILLAR FEELS LEFT OUT,IPB1808,MORAL,3+,,,,,,
RUBYS STUDIO,SAFETY,IPB1809,EDUTAINMENT,3+,,,,,,
RUBYS STUDIO,ONE FOR ALL,IPB1811,MORAL,3+,,,,,,
HODDER ,OLIVER'S VEGETABLES,IPB1823,EDUTAINMENT ,3+,,,,,,
HODDER ,OLIVER'S MILK SHAKE,IPB1824,EDUTAINMENT ,3+,,,,,,
WALKER ,FARMER DUCK,IPB1825,HUMOR,3+,,,,,,
TULIKA,OUT OF THE WAY OUT OF THE WAY,IPB1829,EDUTAINMENT ,3+,,,,,,
HOUGHTON MIFFLIN HARCOURT,LEARNS TO COUNT FROM TO 100,IPB1871,EDUTAINMENT ,3+,,,,,,
HARPER,THE PERFECT PRESENT,IPB1883,PINKALICIOUS,3+,,,,,,
MALORIEBLACKMAN,EGGSTRAORDINARY EASTER,IPB1888,MALORIEBLACKMAN,3+,,,,,,
MALORIEBLACKMAN,THE PINK PARAKEET,IPB1891,MALORIEBLACKMAN,3+,,,,,,
HARPER,CLARK THE SHARK TOOTH TROUBLE,IPB1892,HUMOUR,3+,,,,,,
BRITANNICA,ME AND YOU,IPB1899,EDUTAINMENT,3+,,,,,,
BRITANNICA,PEOPLE AND PLACES,IPB1900,EDUTAINMENT,,,,,,,
BRITANNICA,TIME ,IPB1901,EDUTAINMENT,,,,,,,
BRITANNICA,THE WORLD AROUND US,IPB1902,EDUTAINMENT,,,,,,,
BRITANNICA,ANIMALS,IPB1903,EDUTAINMENT,3+,,,,,,
BRITANNICA,PEOPLE AND PLACES,IPB1900,EDUTAINMENT,3+,,,,,,
BRITANNICA,TIME ,IPB1901,EDUTAINMENT,3+,,,,,,
BRITANNICA,THE WORLD AROUND US,IPB1902,EDUTAINMENT,3+,,,,,,
HOUGHTON MIFFLIN HARCOURT,LEARNS TO COUNT FROM TO 100,IPB1871,EDUTAINMENT ,,,,,,,
HARPER,THE PERFECT PRESENT,IPB1883,PINKALICIOUS,,,,,,,
MALORIEBLACKMAN,EGGSTRAORDINARY EASTER,IPB1888,MALORIEBLACKMAN,,,,,,,
MALORIEBLACKMAN,THE PINK PARAKEET,IPB1891,MALORIEBLACKMAN,,,,,,,
BRITANNICA,ANIMALS,IPB1903,EDUTAINMENT,3+,,,,,,
BRITANNICA,ME ,IPB1904,EDUTAINMENT,3+,,,,,,
TREASURE BAY ,THE GARDEN CREW,IPB1921,EDUTAINMENT,3+,,,,,,
TREASUREBAY,HOW TO MAKE A PANCAKE,IPB1940,EDUTAINMENT,3+,,,,,,
TREASUTEBAY,IF I HAD A SNAKE,IPB1941,EDUTAINMENT,3+,,,,,,
TREASUTEBAY,MAGIC TRICKS,IPB1942,EDUTAINMENT,3+,,,,,,
TREASUTEBAY,THE JUGGLE PUZZLE,IPB1943,EDUTAINMENT,3+,,,,,,
LBKIDS,NOT EXACTLY THE SAME,IPB1944,EDUTAINMENT,3+,,,,,,
MEXUS,THE MISSING SHOE,IPB1951,EDUTAINMENT,3+,,,,,,
RANDOM HOUSE,A DAY AT THE POLICE STATION,IPB1953,RICHARD SCARRY,3+,,,,,,
RANDOM HOUSE,BEDTIME STORIES,IPB1954,RICHARD SCARRY,3+,,,,,,
RANDOM HOUSE,THE WORST HELPER EVER,IPB1955,RICHARD SCARRY,3+,,,,,,
RANDOM HOUSE,WATCH YOUR STEP MR.RABBIT,IPB1956,RICHARD SCARRY,3+,,,,,,
RANDOM HOUSE,THE BEST MISTAKE EVER,IPB1957,RICHARD SCARRY,3+,,,,,,
RANDOM HOUSE,DOT,IPB1961,EDUTAINMENT,3+,,,,,,
RANDOM HOUSE,BROOKIE COOKIE BROOKIE,IPB1962,MORAL,3+,,,,,,
HARPER,EMERALDALICIOUS,IPB2059,PINKALICIOUS,3+,,,,,,
DISNEY,MINNIES RAINBOW,IPB2060,MICKEY MOUSE CLUBHOUSE,3+,,,,,,
DISNEY,DONALDS ICE SKATING ADVENTURE,IPB2064,MICKEY MOUSE CLUBHOUSE,3+,,,,,,
DISNEY,GOOFYS HAT,IPB2065,MICKEY MOUSE CLUBHOUSE,3+,,,,,,
,,,,,,,,,,
,,,,,,,,,,
,,,,,,,,,,
,,,,,,,,,,
,,,,,,,,,,
,,,,,,,,,,
,,,,,,,,,,
,,,,,,,,,,
,,,,,,,,,,
,,,,,,,,,,
,,,,,,,,,,
,,,,,,,,,,
,,,,,,,,,,
DISNEY,UP UP AND AWAY,IPB2073,MICKEY MOUSE CLUBHOUSE,3+,,,,,,
,,,,,,,,,,
,,,,,,HARPERCOLLINS,SUPER SLEUTH,IPB1858,NANCY CLANCY,6+
GAME,,,,,,RANDOMHOUSE,THE OWL EXPRESS,IPB1859,NATE THE GREAT,6+
,,,,,,HACHET,SAVES THE KING OF SWEDEN,IPB1860,NATE THE GREAT,6+
BRAND,NAME,CODE,TYPE,TYPE,,RANDOMHOUSE,THE SNOW TRAIL,IPB1861,NATE THE GREAT,6+
,,,,,,,,,,
DISNEY,LOOK BEFORE YOU LEAP,IPB2090,MICKEY MOUSE CLUBHOUSE,3+,,,,,,
PENGUIN ,THE PAPER PRINCESS,IPB2101,ADVENTURE,3+,,,,,,
PENGUIN,HOORAY A PINATA,IPB2102,MORAL,3+,,,,,,
RANDOM HOUSE,THE PUDDLE PAIL,IPB2103,EDUTAINMENT,3+,,,,,,
RANDOM HOUSE,NO NAP,IPB2113,MORAL,3+,,,,,,
CLARION,A PERFECT FATHERS DAY,IPB2114,MORAL,3+,,,,,,
HOUGHTON,HAUNTED HOUSE,IPB2120,MARTHA SPEAKS,3+,,,,,,
HOUGHTON,MARTHA GO GO GOES GREEN,IPB2121,MARTHA SPEAKS,3+,,,,,,
HOUGHTON,FIREWORKS FOR ALL,IPB2122,MARTHA SPEAKS,3+,,,,,,
HOUGHTON,FARM DOG MARTHA,IPB2123,MARTHA SPEAKS,3+,,,,,,
HOUGHTON,MARTHA BAKES A CAKE,IPB2124,MARTHA SPEAKS,3+,,,,,,
HOUGHTON,GOOD LUCK MARTHA,IPB2125,MARTHA SPEAKS,3+,,,,,,
HOUGHTON,MARTHA CAMPS OUT,IPB2126,MARTHA SPEAKS,3+,,,,,,
HOUGHTON,MARTHA SAYS IT WITH FLOWERS,IPB2127,MARTHA SPEAKS,3+,,,,,,
HOUGHTON,LEADER OF THE PACK,IPB2128,MARTHA SPEAKS,3+,,,,,,
WALTER,CINDERELLA'S RAT,IPB2129,ADVENTURE,3+,,,,,,
HOUGHTON,PERFECTLY MARTHA,IPB2130,MARTHA SPEAKS,3+,,,,,,
HOUGHTON,MARTHA BLAH BLAH,IPB2131,MARTHA SPEAKS,3+,,,,,,
HARPER TROPHY,THIS IS MY TOWN,IPB2144,LITTLE CRITTER,3+,,,,,,
RANDOM HOUSE,A DOLLAR FOR PENNY,IPB2145,EDUTAINMENT,3+,,,,,,
RANDOM HOUSE,JUST A KITE,IPB2146,LITTLE CRITTER,3+,,,,,,
RANDOM HOUSE,READY? SET. RAYMOND!,IPB2147,MORAL,,,,,,,
RANDOM HOUSE,WHOSE FEET?,IPB2148,EDUTAINMENT,,,,,,,
RANDOM HOUSE,JUST SAVING MY MONEY,IPB2149,LITTLE CRITTER,,,,,,,
RANDOM HOUSE,THE FALL FESTIVAL,IPB2150,LITTLE CRITTER,,,,,,,
,,,,,,,,,,
,,,,,,,,,,
,,,,,,,,,,
,,,,,,,,,,
,,,,,,,,,,
RANDOM HOUSE,READY? SET. RAYMOND!,IPB2147,MORAL,3+,,,,,,
RANDOM HOUSE,WHOSE FEET?,IPB2148,EDUTAINMENT,3+,,,,,,
RANDOM HOUSE,JUST SAVING MY MONEY,IPB2149,LITTLE CRITTER,3+,,,,,,
RANDOM HOUSE,THE FALL FESTIVAL,IPB2150,LITTLE CRITTER,,,,,,,
RANDOM HOUSE,THE FALL FESTIVAL,IPB2150,LITTLE CRITTER,3+,,,,,,
RANDOM HOUSE,JUST GO TO BED,IPB2151,LITTLE CRITTER,3+,,,,,,
,,,,,,,,,,
,,,,,,,,,,
RANDOM HOUSE,WHEN I GET BIGGER,IPB2152,LITTLE CRITTER,3+,,,,,,
RANDOM HOUSE,THE COLOR KITTENS,IPB2153,EDUTAINMENT,3+,,,,,,
RANDOM HOUSE,MOTHER GOOSE,IPB2154,HUMOUR,3+,,,,,,
RANDOM HOUSE,NOAH'S ARK,IPB2155,EDUTAINMENT,3+,,,,,,
RANDOM HOUSE,THE JOLLY BARNYARD,IPB2156,MORAL,,,,,,,
,,,,,,,,,,
,,,,,,,,,,
,,,,,,,,,,
,,,,,,,,,,
,,,,,,,,,,
RANDOM HOUSE,THE JOLLY BARNYARD,IPB2156,MORAL,3+,,,,,,
RANDOM HOUSE,POKY LITTLE PUPPYS FIRST CHRISTMAS,IPB2161,MORAL,3+,,,,,,
ANDERSEN PRESS,THE POLAR EXPRESS,IPB2165,MORAL,,,,,,,
PUFFIN ,DRUMMER BOY,IPB2166,MORAL,,,,,,,
HYPERION ,EMILY'S FIRST 100 DAY OF SCHOOL,IPB2167,EDUTAINMENT,,,,,,,
PENGUIN,TOY BOAT,IPB2169,MORAL,,,,,,,
PARRAGON,A FAIRY SECRET,IPB2177,BARBIE,,,,,,,
BPI,THE FLOWERS,IPB2191,MORAL,,,,,,,
ANDERSEN PRESS,THE POLAR EXPRESS,IPB2165,MORAL,3+,,,,,,
PUFFIN ,DRUMMER BOY,IPB2166,MORAL,3+,,,,,,
HYPERION ,EMILY'S FIRST 100 DAY OF SCHOOL,IPB2167,EDUTAINMENT,3+,,,,,,
PENGUIN,TOY BOAT,IPB2169,MORAL,3+,,,,,,
PARRAGON,A FAIRY SECRET,IPB2177,BARBIE,3+,,,,,,
BPI,THE FLOWERS,IPB2191,MORAL,3+,,,,,,
GOLDEN BOOK,ROBOTS ROBOTS EVERY WHERE,IPB2220,EDUTAINMENT,3+,,,,,,
GOLDEN BOOK,BABY FARM ANIMALS,IPB2221,EDUTAINMENT,3+,,,,,,
GOLDEN BOOK,BUSY BUSY TOWN,IPB2223,EDUTAINMENT,,,,,,,
GOLDEN BOOK,THE CHOCOLATE VOYAGE,IPB2224,EDUTAINMENT,,,,,,,
GOLDEN BOOK,TOW LITTLE GARDENERS,IPB2225,EDUTAINMENT,,,,,,,
,,,,,,,,,,
,,,,,,,,,,
,,,,,,,,,,
,,,,,,,,,,
,,,,,,,,,,
,,,,,,,,,,
,,,,,,,,,,
,,,,,,,,,,
,,,,,,,,,,
GOLDEN BOOK,BUSY BUSY TOWN,IPB2223,EDUTAINMENT,3+,,,,,,
,,,,,,,,,,
,,,,,,,,,,
,,,,,,,,,,
,,,,,,,,,,
,,,,,,,,,,
GOLDEN BOOK,THE CHOCOLATE VOYAGE,IPB2224,EDUTAINMENT,3+,,,,,,
GOLDEN BOOK,TOW LITTLE GARDENERS,IPB2225,EDUTAINMENT,3+,,,,,,
SONY DADC,TELL ME WHY? VOL-1,IPB2226,EDUTAINMENT,3+,,,,,,
GOLDEN BOOK,A NEW REINDEER FRIEND,IPB2227,MORAL,3+,,,,,,
GOLDEN BOOK,BAMBOOZLED,IPB2234,EDUTAINMENT,3+,,,,,,
GOLDEN BOOKS,MIGHTY TROLL AND WONDER DRAGON,IPB2254,WALLYKAZAM ,3+,,,,,,
LADYBIRD,PEPPAS CAR RIDE,IPB2262,PEPPA PIG,3+,,,,,,
LADYBIRD,GEORGES RACING CAR,IPB2263,PEPPA PIG,,,,,,,
LADYBIRD,GEORGES RACING CAR,IPB2263,PEPPA PIG,3+,,,,,,
LADYBIRD,PRINCE GEORGE,IPB2264,PEPPA PIG,3+,,,,,,
LADYBIRD,SCHOOL BUS TRIP,IPB2265,PEPPA PIG,3+,,,,,,
,,,,,,,,,,
LADYBIRD,PEPPA GOES ON HOLIDAY,IPB2266,PEPPA PIG,3+,,,,,,
LADYBIRD,LETS GO SHOPPING PEPPA,IPB2267,PEPPA PIG,3+,,,,,,
LADYBIRD,HIDE AND SEEK,IPB2268,PEPPA PIG,3+,,,,,,
LADYBIRD,GEORGES BALLOON,IPB2269,PEPPA PIG,3+,,,,,,
LADYBIRD,CAMPING TRIP ,IPB2270,PEPPA PIG,3+,,,,,,
USBORNE,SHARK IN THE PARK,IPB2278,EDUTAINMENT,3+,,,,,,
SCHOLASTIC,CLASS TRIP,IPB2288,PEPPA PIG,3+,,,,,,
SIMONANDSCHUSTER,ITS THE EASTER BEAGLE,IPB2323,PEANUTS,3+,,,,,,
LITTLE GOLDEN BOOK,BLUE MOUNTAIN MYSTERY,IPB2371,THOMAS AND HIS FRIENDS,3+,,,,,,
GOLDEN BOOKS ,THE POKY LITTLE PUPPY,IPB2389,MORAL,3+,,,,,,
GOLDEN BOOKS,LEGEND OF THE LOST TREASURE,IPB2390,THOMAS & FRIENDS,3+,,,,,,
GOLDEN BOOKS,TOMAS AND THE DINOSAUR,IPB2391,THOMAS & FRIENDS,3+,,,,,,
GOLDEN BOOKS,HERO OF THE RAILS,IPB2392,THOMAS & FRIENDS,3+,,,,,,
GOLDEN BOOKS,TALE OF THE BRAVE,IPB2393,THOMAS & FRIENDS,3+,,,,,,
GOLDEN BOOKS,THE KITTEN WHO THOUGHT HE WAS A MOUSE,IPB2395,MORAL,3+,,,,,,
GOLDEN BOOKS,THE LITTLE RED CABOOSE,IPB2396,EDUTAINMENT,3+,,,,,,
GOLDEN BOOKS,PIRATE PUPS,IPB2397,PAW PATROL,,,,,,,
GOLDEN BOOKS,KING OF THE RAILWAY,IPB2398,THOMAS & FRIENDS,,,,,,,
GOLDEN BOOKS,MARSHALL TO THE RESCUE,IPB2399,PAW PATROL,,,,,,,
,,,,,,,,,,
,,,,,,,,,,
,,,,,,,,,,
,,,,,,,,,,
,,,,,,,,,,
,,,,,,,,,,
,,,,,,,,,,
,,,,,,,,,,
,,,,,,,,,,
,,,,,,,,,,
,,,,,,,,,,
,,,,,,,,,,
,,,,,,,,,,
,,,,,,,,,,
,,,,,,,,,,
,,,,,,,,,,
,,,,,,,,,,
,,,,,,,,,,
GOLDEN BOOKS,PIRATE PUPS,IPB2397,PAW PATROL,3+,,,,,,
GOLDEN BOOKS,KING OF THE RAILWAY,IPB2398,THOMAS & FRIENDS,3+,,,,,,
GOLDEN BOOKS,MARSHALL TO THE RESCUE,IPB2399,PAW PATROL,3+,,,,,,
,,,,,,,,,,
,,,,,,,,,,
,,,,,,,,,,
,,,,,,,,,,
,,,,,,,,,,
GOLDEN BOOKS,WINTER LIGHTS,IPB2403,DINOSAUR TRAIN,3+,,,,,,
GOLDEN BOOKS,I M A BULLDOZER,IPB2404,EDUTAINMENT,3+,,,,,,
GOLDEN BOOKS,THE GOOD HUMOR MAN,IPB2405,EDUTAINMENT,3+,,,,,,
GOLDEN BOOKS,SOCCER WITH MOM,IPB2406,MORAL,3+,,,,,,
,,,,,,,,,,
,,,,,,,,,,
GOLDEN BOOKS,WERE GETTING A PET,IPB2408,EDUTAINMENT,3+,,,,,,
GOLDEN BOOKS,THE WILD SWANS,IPB2409,ADVENTURE,3+,,,,,,
ALBERT WHITMAN,THE RED THREAD,IPB2446,ADVENTURE,,,,,,,
CHARLES BRIDGE,THE UGLY VEGETABLES,IPB2447,EDUTAINMENT,,,,,,,
,,,,,,,,,,
,,,,,,,,,,
,,,,,,,,,,
,,,,,,,,,,
,,,,,,,,,,
,,,,,,,,,,
,,,,,,,,,,
,,,,,,,,,,
,,,,,,,,,,
,,,,,,,,,,
ALBERT WHITMAN,THE RED THREAD,IPB2446,ADVENTURE,3+,,,,,,
CHARLES BRIDGE,THE UGLY VEGETABLES,IPB2447,EDUTAINMENT,,,,,,,
HYPERION ,EMILY'S FIRST 100 DAY OF SCHOOL,IPB2167,EDUTAINMENT,,,,,,,
,,,,,,,,,,
CHARLES BRIDGE,THE UGLY VEGETABLES,IPB2447,EDUTAINMENT,3+,,,,,,
RANDOM HOUSE,WHERE IS THE POKY LITTLE PUPPY,IPB2466,ADVENTURE,3+,,,,,,
SCHOLASTIC,GOES TO KINDERGARTEN,IPB2467,CLIFFORD,3+,,,,,,
SCHOLASTIC,   TAKES A TRIP,IPB2468,CLIFFORD,3+,,,,,,
SCHOLASTIC,FUNNY ADVENTURES,IPB2469,CLIFFORD,3+,,,,,,
SCHOLASTIC,VISITS THE ZOO,IPB2470,CLIFFORD,3+,,,,,,
SCHOLASTIC,THE DINOSAURS,IPB2471,CLIFFORD,3+,,,,,,
SCHOLASTIC,BIRTHDAY PARTY,IPB2472,CLIFFORD,3+,,,,,,
MANOJ PUBLICATIONS,NEVER TELL A LIE,IPB2484,MORAL,,,,,,,
MANOJ PUBLICATIONS,ONE DOES OTHER PAYS,IPB2485,MORAL,,,,,,,
SCHOLASTIC,THE FIREHOUSE DOG,IPB2486,CLIFFORD,,,,,,,
SCHOLASTIC,DAY WITH DAD,IPB2492,CLIFFORD'S,,,,,,,
,,,,,,,,,,
MANOJ PUBLICATIONS,NEVER TELL A LIE,IPB2484,MORAL,3+,,,,,,
MANOJ PUBLICATIONS,ONE DOES OTHER PAYS,IPB2485,MORAL,3+,,,,,,
,,,,,,,,,,
,,,,,,,,,,
,,,,,,,,,,
,,,,,,,,,,
,,,,,,,,,,
,,,,,,,,,,
,,,,,,,,,,
,,,,,,,,,,
,,,,,,,,,,
,,,,,,,,,,
,,,,,,,,,,
,,,,,,,,,,
,,,,,,,,,,
,,,,,,,,,,
,,,,,,,,,,
,,,,,,,,,,
GREEN GOLD,HOME OF THE TREES,IPB2211,CHHOTA  BHEEM,,,,,,,
GREEN GOLD,WATER WATER EVERYWHERE,IPB2212,CHHOTA  BHEEM,,,,,,,
PUFFIN ,THE BORROWERS,IPB2213,MORAL ,,,,,,,
,,,,,,,,,,
PAPERCUTZ,THE FIRST MOUSE ON THE MOON,IPB2215,GERONIMO STILTON,,,,,,,
PAPERCUTZ,THE SECRER OF THE SPHINX,IPB2216,GERONIMO STILTON,,,,,,,
PAPERCUTZ,WHO STOLE THE MONA LISA?,IPB2217,GERONIMO STILTON,,,,,,,
PAPERCUTZ,PLAY IT AGAIN MOZART,IPB2218,GERONIMO STILTON,,,,,,,
SCHOLASTIC,MICE TAKE THE STAGE,IPB2219,GERONIMO STILTON,,,,,,,
GOLDEN BOOK,ROBOTS ROBOTS EVERY WHERE,IPB2220,EDUTAINMENT,,,,,,,
GOLDEN BOOK,BABY FARM ANIMALS,IPB2221,EDUTAINMENT,,,,,,,
SCHOLASTIC,A FASHIONABLE MYSTERY,IPB2222,EDUTAINMENT,,,,,,,
GOLDEN BOOK,BUSY BUSY TOWN,IPB2223,EDUTAINMENT,,,,,,,
GOLDEN BOOK,THE CHOCOLATE VOYAGE,IPB2224,EDUTAINMENT,,,,,,,
GOLDEN BOOK,TOW LITTLE GARDENERS,IPB2225,EDUTAINMENT,,,,,,,
SONY DADC,TELLME WHY? VOL-1,IPB2226,EDUTAINMENT,,,,,,,
GOLDEN BOOK,A NEW REINDEER FRIEND,IPB2227,MORAL,,,,,,,
HACHETTE,THE WILD BEYOND,IPB2228,THE LAST WILD,,,,,,,
SIMON AND SCHUSTER,ROOM ONE,IPB2229,MYSTERY,,,,,,,
HACHETTE,THE HEAVENLY HOUNDS,IPB2230,MYTH QUEST,,,,,,,
HACHETTE,THE DIVINE FLYING HORSE,IPB2231,MYTH QUEST,,,,,,,
SCHOLASTIC,THE UNDERWATER PLANET,IPB2232,GERONIMO STILTON,,,,,,,
SCHOLASTIC,THE THIRD JOURNEY THROUGH TIME,IPB2233,GERONIMO STILTON,,,,,,,
GOLDEN BOOK,BAMBOOZLED,IPB2234,EDUTAINMENT,,,,,,,
PENGUIN ,CHILDRENS PHILOSOPHY,IPB2235,EDUTAINMENT,,,,,,,
HACHETTE ,THE IMMORTAL BEAR KING,IPB2236,MYTH QUEST,,,,,,,
HACHETTE ,SAVIOUR FROM THE SKIES,IPB2237,MYTH QUEST,,,,,,,
SONY DADC,TELL ME WHY? VOL-2,IPB2238,EDUTAINMENT,,,,,,,
SONY DADC,TELL ME WHY? VOL-3,IPB2239,EDUTAINMENT,,,,,,,
SONY DADC,TELL ME WHY? VOL-4,IPB2240,EDUTAINMENT,,,,,,,
SONY DADC,TELL ME WHY? VOL-5,IPB2241,EDUTAINMENT,,,,,,,
SONY DADC,TELL ME WHY? VOL-6,IPB2242,EDUTAINMENT,,,,,,,
HACHETTE,THE GREAT PROTECTOR,IPB2243,MYTH QUEST,,,,,,,
HACHETTE,THE DIVINE GATEKEEPER,IPB2244,MYTH QUEST,,,,,,,
PBS KIDS ,THE RACE CAR PROBLEM,IPB2245,PEG + CAT,,,,,,,
PBS KIDS,THE PIZZA PROBLEM,IPB2246,PEG + CAT,,,,,,,
HACHETTE,DEVOURER OF SERPENTS,IPB2247,MYTH QUEST,,,,,,,
HACHETTE,THE ENDLESS SERPENT,IPB2248,MYTH QUEST,,,,,,,
SCHOLASTIC,PIE,IPB2249,HUMOUR,,,,,,,
SCHOLASTIC,CHEESE,IPB2250,HUMOUR,,,,,,,
HACHETTE,TELL ME WHY?,IPB2251,EDUTAINMENT,,,,,,,
PARTRIDGE,SIMRANS DIARY,IPB2252,HUMOUR,,,,,,,
PUFFIN,ATISA & 7 WONDERS,IPB2253,EDUTAINMENT,,,,,,,
GOLDEN BOOKS,MIGHTY TROLL AND WONDER DRAGON,IPB2254,WALLYKAZAM ,,,,,,,
ANJANA,HANUMAN,IPB2255,RELIGIOUS,,,,,,,
,,,,,,,,,,
ANJANA,HOW HANUMAN CROSSED THE OCEAN,IPB2257,RELIGIOUS,,,,,,,
,,,,,,,,,,
,,,,,,,,,,
,,,,,,,,,,
,,,,,,,,,,
,,,,,,,,,,
,,,,,,,,,,
,,,,,,,,,,
,,,,,,,,,,
,,,,,,,,,,
,,,,,,,,,,
,,,,,,,,,,
,,,,,,,,,,
,,,,,,,,,,
,,,,,,,,,,
,,,,,,,,,,
,,,,,,,,,,
,,,,,,,,,,
,,,,,,,,,,
,,,,,,,,,,
,,,,,,,,,,
,,,,,,,,,,
,,,,,,,,,,
,,,,,,,,,,
,,,,,,,,,,
,,,,,,,,,,
,,,,,,,,,,
,,,,,,,,,,
,,,,,,,,,,
,,,,,,,,,,
,,,,,,,,,,
,,,,,,,,,,
,,,,,,,,,,
,,,,,,,,,,
,,,,,,,,,,
,,,,,,,,,,
,,,,,,,,,,
,,,,,,,,,,
,,,,,,,,,,
,,,,,,,,,,
,,,,,,,,,,
,,,,,,,,,,
,,,,,,,,,,
,,,,,,,,,,
,,,,,,,,,,
,,,,,,,,,,
,,,,,,,,,,
,,,,,,,,,,
,,,,,,,,,,
,,,,,,,,,,
,,,,,,,,,,
,,,,,,,,,,
,,,,,,,,,,
,,,,,,,,,,
,,,,,,,,,,
,,,,,,,,,,
,,,,,,,,,,
,,,,,,,,,,
,,,,,,,,,,
,,,,,,,,,,
,,,,,,,,,,
,,,,,,,,,,
,,,,,,,,,,
,,,,,,,,,,
,,,,,,,,,,
,,,,,,,,,,
,,,,,,,,,,
,,,,,,,,,,
,,,,,,,,,,
,,,,,,,,,,
,,,,,,,,,,
,,,,,,,,,,
,,,,,,,,,,
,,,,,,,,,,
,,,,,,,,,,
,,,,,,,,,,
,,,,,,,,,,
,,,,,,,,,,
,,,,,,,,,,
,,,,,,,,,,
,,,,,,,,,,
,,,,,,,,,,
,,,,,,,,,,
,,,,,,,,,,
,,,,,,,,,,
,,,,,,,,,,
,,,,,,,,,,
,,,,,,,,,,
,,,,,,,,,,
,,,,,,,,,,
,,,,,,,,,,
,,,,,,,,,,
,,,,,,,,,,
,,,,,,,,,,
,,,,,,,,,,
,,,,,,,,,,
,,,,,,,,,,
,,,,,,,,,,
,,,,,,,,,,
,,,,,,,,,,
,,,,,,,,,,
,,,,,,,,,,
,,,,,,,,,,
,,,,,,,,,,
,,,,,,,,,,
,,,,,,,,,,
,,,,,,,,,,
,,,,,,,,,,
,,,,,,,,,,
,,,,,,,,,,
,,,,,,,,,,
,,,,,,,,,,
,,,,,,,,,,
,,,,,,,,,,
,,,,,,,,,,
,,,,,,,,,,
,,,,,,,,,,
,,,,,,,,,,
,,,,,,,,,,
,,,,,,,,,,
,,,,,,,,,,
,,,,,,,,,,
,,,,,,,,,,
,,,,,,,,,,
,,,,,,,,,,
,,,,,,,,,,
,,,,,,,,,,
,,,,,,,,,,
,,,,,,,,,,
,,,,,,,,,,
,,,,,,,,,,
,,,,,,,,,,
,,,,,,,,,,
,,,,,,,,,,
,,,,,,,,,,
,,,,,,,,,,
,,,,,,,,,,
,,,,,,,,,,
,,,,,,,,,,
,,,,,,,,,,
,,,,,,,,,,
,,,,,,,,,,
,,,,,,,,,,
,,,,,,,,,,
,,,,,,,,,,
,,,,,,,,,,
,,,,,,,,,,
,,,,,,,,,,
,,,,,,,,,,
,,,,,,,,,,
,,,,,,,,,,
,,,,,,,,,,
,,,,,,,,,,
,,,,,,,,,,
,,,,,,,,,,
,,,,,,,,,,
,,,,,,,,,,
,,,,,,,,,,
,,,,,,,,,,
,,,,,,,,,,
,,,,,,,,,,
,,,,,,,,,,
,,,,,,,,,,
,,,,,,,,,,
,,,,,,,,,,
,,,,,,,,,,
,,,,,,,,,,
,,,,,,,,,,
,,,,,,,,,,
,,,,,,,,,,
,,,,,,,,,,
,,,,,,,,,,
,,,,,,,,,,
,,,,,,,,,,
,,,,,,,,,,
,,,,,,,,,,
,,,,,,,,,,
,,,,,,,,,,
,,,,,,,,,,
,,,,,,,,,,
,,,,,,,,,,
,,,,,,,,,,
,,,,,,,,,,
,,,,,,,,,,
,,,,,,,,,,
,,,,,,,,,,
,,,,,,,,,,
,,,,,,,,,,
,,,,,,,,,,
,,,,,,,,,,
,,,,,,,,,,
,,,,,,,,,,
,,,,,,,,,,
,,,,,,,,,,
,,,,,,,,,,
,,,,,,,,,,
,,,,,,,,,,
,,,,,,,,,,
,,,,,,,,,,
,,,,,,,,,,
,,,,,,,,,,
,,,,,,,,,,
,,,,,,,,,,
,,,,,,,,,,
,,,,,,,,,,
,,,,,,,,,,
,,,,,,,,,,
,,,,,,,,,,
,,,,,,,,,,
,,,,,,,,,,
,,,,,,,,,,
,,,,,,,,,,
,,,,,,,,,,
,,,,,,,,,,
,,,,,,,,,,
,,,,,,,,,,
,,,,,,,,,,
,,,,,,,,,,
,,,,,,,,,,
,,,,,,,,,,
,,,,,,,,,,
,,,,,,,,,,
,,,,,,,,,,
,,,,,,,,,,
,,,,,,,,,,
,,,,,,,,,,
,,,,,,,,,,
,,,,,,,,,,
,,,,,,,,,,
,,,,,,,,,,
,,,,,,,,,,
,,,,,,,,,,
,,,,,,,,,,
,,,,,,,,,,
,,,,,,,,,,
,,,,,,,,,,
,,,,,,,,,,
,,,,,,,,,,
,,,,,,,,,,
,,,,,,,,,,
,,,,,,,,,,
,,,,,,,,,,
,,,,,,,,,,
,,,,,,,,,,
,,,,,,,,,,
,,,,,,,,,,
,,,,,,,,,,
,,,,,,,,,,
,,,,,,,,,,
,,,,,,,,,,
,,,,,,,,,,
,,,,,,,,,,
,,,,,,,,,,
,,,,,,,,,,
,,,,,,,,,,
,,,,,,,,,,
,,,,,,,,,,
,,,,,,,,,,
,,,,,,,,,,
,,,,,,,,,,
,,,,,,,,,,
,,,,,,,,,,
,,,,,,,,,,
,,,,,,,,,,
,,,,,,,,,,
,,,,,,,,,,
,,,,,,,,,,
,,,,,,,,,,
,,,,,,,,,,
,,,,,,,,,,
,,,,,,,,,,
,,,,,,,,,,
,,,,,,,,,,
,,,,,,,,,,
,,,,,,,,,,
,,,,,,,,,,
,,,,,,,,,,
,,,,,,,,,,
,,,,,,,,,,
,,,,,,,,,,
,,,,,,,,,,
,,,,,,,,,,
,,,,,,,,,,
,,,,,,,,,,
,,,,,,,,,,
,,,,,,,,,,
,,,,,,,,,,
,,,,,,,,,,
,,,,,,,,,,
,,,,,,,,,,
,,,,,,,,,,
,,,,,,,,,,
,,,,,,,,,,
,,,,,,,,,,
,,,,,,,,,,
,,,,,,,,,,
,,,,,,,,,,
,,,,,,,,,,
,,,,,,,,,,
,,,,,,,,,,
,,,,,,,,,,
,,,,,,,,,,
,,,,,,,,,,
,,,,,,,,,,
,,,,,,,,,,
,,,,,,,,,,
,,,,,,,,,,
,,,,,,,,,,
,,,,,,,,,,
,,,,,,,,,,
,,,,,,,,,,
,,,,,,,,,,
,,,,,,,,,,
,,,,,,,,,,
,,,,,,,,,,
,,,,,,,,,,
,,,,,,,,,,
,,,,,,,,,,
,,,,,,,,,,
,,,,,,,,,,
,,,,,,,,,,
,,,,,,,,,,
,,,,,,,,,,
,,,,,,,,,,
,,,,,,,,,,
,,,,,,,,,,
,,,,,,,,,,
,,,,,,,,,,
,,,,,,,,,,
,,,,,,,,,,
,,,,,,,,,,
,,,,,,,,,,
SCHOLASTIC,THE FIREHOUSE DOG,IPB2486,CLIFFORD,3+,,,,,,
SCHOLASTIC,DAY WITH DAD,IPB2492,CLIFFORD'S,3+,,,,,,
,,,,,,,,,,
CHARLES BRIDGE,THE ICKY BUG,IPB2506,EDUTAINMENT,3+,,,,,,
HARPER TROPHY,A HOUSE FOR BIRDIE,IPB2559,MATHSTART,3+,,,,,,
HARPER TROPHY,DIVIDE AND RIDE,IPB2565,MATHSTART,3+,,,,,,
,,,,,,,,,,
HARPER COLLINS,THE DAY THE CRAYONS CAME HOME,IPB2581,EDUTAINMENT,3+,,,,,,
HARPERCOLLINS,WHEN I GROW UP,IPB2586,THE BERENSTAIN BEARS,,,,,,,
,,,,,,,,,,
,,,,,,,,,,
,,,,,,,,,,
,,,,,,,,,,
,,,,,,,,,,
HARPERCOLLINS,WHEN I GROW UP,IPB2586,THE BERENSTAIN BEARS,3+,,,,,,
,,,,,,,,,,
,,,,,,,,,,
,,,,,,,,,,
,,,,,,,,,,
,,,,,,,,,,
,,,,,,,,,,
,,,,,,,,,,
,,,,,,,,,,
,,,,,,,,,,
,,,,,,,,,,
SIMON & SCHUSTER,SOMEDAY,IPB2596,MORAL,3+,,,,,,
SCHOLASTIC,KEEPS COOL,IPB2598,CLIFFORD,3+,,,,,,
RANDOM HOUSE,FORTUNE COOKIES FORTUNES,IPB2630,GRACE LIN,,,,,,,
,,,,,,,,,,
,,,,,,,,,,
,,,,,,,,,,
,,,,,,,,,,
,,,,,,,,,,
,,,,,,,,,,
RANDOM HOUSE,FORTUNE COOKIES FORTUNES,IPB2630,GRACE LIN,3+,,,,,,
,,,,,,,,,,
,,,,,,,,,,
,,,,,,,,,,
,,,,,,,,,,
,,,,,,,,,,
,,,,,,,,,,
,,,,,,,,,,
HARPER COLLINS,AROUND THE WORLD,IPB2632,BERENSTAIN BEARS,3+,,,,,,
DRAGONFLY,KITE FLYING,IPB2639,GRACE LIN,3+,,,,,,
SCHOLASTIC,PUPPY DAYS,IPB2640,CLIFFORD'S,3+,,,,,,
SCHOLASTIC,FIRST HALLOWEEN,IPB2641,CLIFFORD'S,3+,,,,,,
SCHOLASTIC,CLIFFORD FOR PRESIDENT,IPB2642,CLIFFORD'S,3+,,,,,,
RANDOM HOUSE,GO TRAIN GO,IPB2815,THOMAS & FRIENDS,3+,,,,,,
LADYBIRD ,THOMAS GOESFISHING,IPB2820,THOMAS & FRIENDS,3+,,,,,,
DEAN,HENRY AND THE FLAGPOL,IPB2821,THOMAS & FRIENDS,3+,,,,,,
RANDOM HOUSE,STOP TRAIN STOP,IPB2822,THOMAS & FRIENDS,3+,,,,,,
EGMONT,THE GIANT MAGNET,IPB2823,THOMAS & FRIENDS,,,,,,,
RANDOM HOUSE,THE TRUTH,IPB2870,THE BERENSTAIN BEARS,,,,,,,
RANDOM HOUSE,THE MESSY ROOM,IPB2872,THE BERENSTAIN BEARS,,,,,,,
RANDOM HOUSE,THE MESSY ROOM,IPB2872,THE BERENSTAIN BEARS,,,,,,,
,,,,,,,,,,
,,,,,,,,,,
,,,,,,,,,,
EGMONT,THE GIANT MAGNET,IPB2823,THOMAS & FRIENDS,3+,,,,,,
RANDOM HOUSE,THE TRUTH,IPB2870,THE BERENSTAIN BEARS,,,,,,,
,,,,,,,,,,
,,,,,,,,,,
,,,,,,,,,,
,,,,,,,,,,
,,,,,,,,,,
,,,,,,,,,,
,,,,,,,,,,
,,,,,,,,,,
RANDOM HOUSE,THE TRUTH,IPB2870,THE BERENSTAIN BEARS,3+,,,,,,
,,,,,,,,,,
,,,,,,,,,,
,,,,,,,,,,
,,,,,,,,,,
,,,,,,,,,,
,,,,,,,,,,
,,,,,,,,,,
,,,,,,,,,,
,,,,,,,,,,
,,,,,,,,,,
,,,,,,,,,,
,,,,,,,,,,
,,,,,,,,,,
,,,,,,,,,,
,,,,,,,,,,
,,,,,,,,,,
,,,,,,,,,,
,,,,,,,,,,
,,,,,,,,,,
,,,,,,,,,,
,,,,,,,,,,
,,,,,,,,,,
,,,,,,,,,,
,,,,,,,,,,
RANDOM HOUSE,THE MESSY ROOM,IPB2872,THE BERENSTAIN BEARS,3+,,,,,,
WORTHYKIDS,LOVE ONE ANOTHER,IPB2875,THE BERENSTAIN BEARS,3+,,,,,,
ZONDERKIDZ,BIGGY BANK BLESSINGS,IPB2876,THE BERENSTAIN BEARS,3+,,,,,,
RANDOM HOUSE,BEARS ON WHEELS,IPB2877,THE BERENSTAIN BEARS,3+,,,,,,
OXFORD,TADPOLES,IPB2885,SONGBIRDS,3+,,,,,,
OXFORD,THE SNAKE AND THE DRAKE,IPB2886,SONGBIRDS,3+,,,,,,
OXFORD,NO MILK TODAY,IPB2887,SONGBIRDS,3+,,,,,,
ZONDERKIDZ,THANKSGIVING BLESSINGS,IPB2888,THE BERENSTAIN BEARS,3+,,,,,,
SCHOLASTIC,THREE IN A ROW,IPB2893,PRE READING,3+,,,,,,
SCHOLASTIC,SNOW,IPB2894,PRE READING,3+,,,,,,
SCHOLASTIC,GET READY ,IPB2895,PRE READING,3+,,,,,,
SCHOLASTIC,GUESSING MACHINE,IPB2896,PRE READING,3+,,,,,,
SCHOLASTIC,THE BEACH,IPB2897,PRE READING,3+,,,,,,
SCHOLASTIC,BLOCK TOWN,IPB2898,PRE READING,3+,,,,,,
SCHOLASTIC,THE PARADE,IPB2899,PRE READING,3+,,,,,,
SCHOLASTIC,FIX IT,IPB2900,PRE READING,3+,,,,,,
SCHOLASTIC,THE MIX UP,IPB2901,PRE READING,3+,,,,,,
SCHOLASTIC,THE PICNIC,IPB2902,PRE READING,3+,,,,,,
SCHOLASTIC,HIDE AND SEEK,IPB2903,PRE READING,3+,,,,,,
SCHOLASTIC,BEST FRIENDS,IPB2904,PRE READING,3+,,,,,,
OXFORD,BOB BUG AND THE INSECT CLUB,IPB2908,SONGBIRDS,3+,,,,,,
WALKER,QUEENIE THE BANTAM,IPB2917,BOB GRAHAM,3+,,,,,,
OXFORD,BOB AND FLO THE MISSING BUCKET,IPB2918,REBECCA ASHDOWN,3+,,,,,,
FUN OK PLEASE,DRESS UP,IPB3002,EDUTAINMENT ,3+,,,,,,
HARPER COLLINS,Flat Stanley,IPB3008,Flat Stanley,3+,,,,,,
HARPER COLLINS,Flat Stanley,IPB3009,Flat Stanley,3+,,,,,,
Penguin,Get Ready for Second Grade,IPB3010,Amber Brown,3+,,,,,,
Simon and Schuster,Henry and Mudge,IPB3011,Moral,3+,,,,,,
Square Fish,Tikki Tikki Tembo,IPB3014,Moral,3+,,,,,,
OM Kidz,The Boy Who Cried Wolf,IPB3015,Moral,3+,,,,,,
Penguin,Seven Blind Mice,IPB3016,Moral,3+,,,,,,
BRAIN CHILD,NAISHA AT THE FAIR,IPB3024,EDUTAINMENT,3+,,,,,,
BRAIN CHILD,NAISHA AT THE FARM,IPB3025,EDUTAINMENT,3+,,,,,,
BRAIN CHILD,NAISHA AT THE AIRPORT,IPB3026,EDUTAINMENT,3+,,,,,,
BRAIN CHILD,NAISHA AT THE MARKET,IPB3027,EDUTAINMENT,3+,,,,,,
PENGUIN ,THE MAGIC ROLLING PIN,IPB3030,Moral,3+,,,,,,
MS MOOCHIE,RAMYAS SNACK BOX,IPB3039,Moral,3+,,,,,,
PENGUIN,FIREMAN MAX,IPB3040,MAX & RUBY,3+,,,,,,
PENGUIN,RUBYS TEA PARTY,IPB3041,MAX & RUBY,3+,,,,,,
MACMILLAN,MINE,IPB3044,BEAR AND HARE,3+,,,,,,
BLOOMSBURY,THESELFISH CROCODILE,IPB3046,MORAL,3+,,,,,,
MACMILLAN,THE ODD EGG,IPB3047,HUMOUR,3+,,,,,,
PENGUIN,THE MILK MOUSTACHE,IPB3053,MORAL,3+,,,,,,
MACMILLAN,WHAT THE LADYBIRD HEARD,IPB3054,MORAL,3+,,,,,,
HARPER COLLINS,A FISH OUT OF WATER,IPB3055,HUMOUR,3+,,,,,,
HARPER COLLINS,ONCE UPON AN ALPHABET,IPB3056,STORIES,3+,,,,,,
ETCH,INDIA AN ALPHABET RIDE,IPB3057,EDUTAINMENT,3+,,,,,,
BRAIN CHILD,NAISHA AT THE STATION,IPB3058,EDUTAINMENT,3+,,,,,,
BRAIN CHILD,NAISHA AT THE CIRCUS,IPB3059,EDUTAINMENT,3+,,,,,,
BRAIN CHILD,NAISHA AT THE PARK,IPB3060,EDUTAINMENT,3+,,,,,,
BRAIN CHILD,NAISHA AT THE BEACH,IPB3061,EDUTAINMENT,3+,,,,,,
BRAIN CHILD,NAISHA AT THE ZOO,IPB3062,EDUTAINMENT,3+,,,,,,
BRAIN CHILD,NAISHA AT THE MALL,IPB3063,EDUTAINMENT,3+,,,,,,
BRAIN CHILD,NAISHA AT THE TOY SHOP,IPB3064,EDUTAINMENT,3+,,,,,,
BRAIN CHILD,NAISHA AT THE HOTEL,IPB3065,EDUTAINMENT,3+,,,,,,
GRUFFALO,A SQUASH AND A SQUEEZE,IPB3082,HUMOUR,3+,,,,,,
SIMON ADN SCHUSTER,LIVING IN INDIA,IPB3085,EDUTAINMENT,3+,,,,,,
FUN OK PLEASE,366 WORDS IN BENGALURU,IPB3089,EDUTAINMENT,3+,,,,,,
HARPERCOLLINS,THE WAY BACK HOME,IPB3090,ADVENTURE,3+,,,,,,
MACMILLAN,THE SNAIL AND THE WHALE,IPB3098,JULIA DONALDSON,3+,,,,,,
SCHOLASTIC,BREWSTERS LITTLE HELPER,IPB3127,CHUGGINGTON,3+,,,,,,
RANDOM HOUSE,RED STOP GREEN GO,IPB3129,EASTMAN P D,3+,,,,,,
RANDOM HOUSE,BIG DOG LITTLE DOG,IPB3131,EASTMAN P D,3+,,,,,,
HARPER COLLINS,WHOOSH AND CHUG,IPB3133,CHUGGINGTON,3+,,,,,,
RANDOM HOUSE,THE BESY NEST,IPB3139,EASTMAN P D,3+,,,,,,
RANDOM HOUSE,ARE YOU MY MOTHER,IPB3140,EASTMAN P D,3+,,,,,,
RANDOM HOUSE,FLAP YOUR WINGS,IPB3141,EASTMAN P D,3+,,,,,,
RANDOM HOUSE,SAM AND THE FIREFLY,IPB3142,EASTMAN P D,3+,,,,,,
VICTORIA,VICTORIAS BUSY DAY,IPB3143,TORTON TALES,3+,,,,,,
VICTORIA,POP COMES TO SEWARDS YARD,IPB3144,TORTON TALES,3+,,,,,,
NATIONAL BOOK TRUST,A TALE OF TAILS,IPB3147,PULAK BISWAS,3+,,,,,,
,,,,,NEW,,,,,
,,,,,BRAND,NAME,COAD,TYPE,AGE,
,,,,,SIMON AND SCHUSTER,THE GREAT TRUCK RESCUE,IPB3189,TRUCKTOWN,3+,
,,,,,SIMON AND SCHUSTER,TAKE A TRIP WITH TRUCK TOWN,IPB3190,TRUCKTOWN,3+,
,,,,,,,,,,
,,,,,,,,,,
,,,,,,,,,,
,,,,,,,,,,
,,,,,,,,,,
,,,,,,,,,,
,,,,,,,,,,
,,,,,,,,,,
